h,latitude_deg,season,w,r_g_per_kg,T,P,rho,a
0,15,annual,0.0,0.0,299.65,101325.0,1.177986301898623,347.01816095126776
0,15,annual,0.25,0.0,299.65,101325.0,1.177986301898623,347.01816095126776
0,15,annual,0.5,0.0,299.65,101325.0,1.177986301898623,347.01816095126776
0,15,annual,0.75,0.0,299.65,101325.0,1.177986301898623,347.01816095126776
0,15,annual,1.0,0.0,299.65,101325.0,1.177986301898623,347.01816095126776
1000,15,annual,0.0,0.0,293.665,90328.68999999999,1.0715475136607782,343.5351320360117
1000,15,annual,0.25,0.0,293.665,90328.68999999999,1.0715475136607782,343.5351320360117
1000,15,annual,0.5,0.0,293.665,90328.68999999999,1.0715475136607782,343.5351320360117
1000,15,annual,0.75,0.0,293.665,90328.68999999999,1.0715475136607782,343.5351320360117
1000,15,annual,1.0,0.0,293.665,90328.68999999999,1.0715475136607782,343.5351320360117
2000,15,annual,0.0,0.0,287.682,80338.49,0.9728567248999842,340.0176077858322
2000,15,annual,0.25,0.0,287.682,80338.49,0.9728567248999842,340.0176077858322
2000,15,annual,0.5,0.0,287.682,80338.49,0.9728567248999842,340.0176077858322
2000,15,annual,0.75,0.0,287.682,80338.49,0.9728567248999842,340.0176077858322
2000,15,annual,1.0,0.0,287.682,80338.49,0.9728567248999842,340.0176077858322
3000,15,annual,0.0,0.0,283.656,71320.20999999999,0.8759081127840459,337.6300165494768
3000,15,annual,0.25,0.0,283.656,71320.20999999999,0.8759081127840459,337.6300165494768
3000,15,annual,0.5,0.0,283.656,71320.20999999999,0.8759081127840459,337.6300165494768
3000,15,annual,0.75,0.0,283.656,71320.20999999999,0.8759081127840459,337.6300165494768
3000,15,annual,1.0,0.0,283.656,71320.20999999999,0.8759081127840459,337.6300165494768
4000,15,annual,0.0,0.0,276.979,63163.009999999995,0.7944267967483613,333.63260338552044
4000,15,annual,0.25,0.0,276.979,63163.009999999995,0.7944267967483613,333.63260338552044
4000,15,annual,0.5,0.0,276.979,63163.009999999995,0.7944267967483613,333.63260338552044
4000,15,annual,0.75,0.0,276.979,63163.009999999995,0.7944267967483613,333.63260338552044
4000,15,annual,1.0,0.0,276.979,63163.009999999995,0.7944267967483613,333.63260338552044
5000,15,annual,0.0,0.0,270.304,55775.44,0.7188337218096728,329.58793023531666
5000,15,annual,0.25,0.0,270.304,55775.44,0.7188337218096728,329.58793023531666
5000,15,annual,0.5,0.0,270.304,55775.44,0.7188337218096728,329.58793023531666
5000,15,annual,0.75,0.0,270.304,55775.44,0.7188337218096728,329.58793023531666
5000,15,annual,1.0,0.0,270.304,55775.44,0.7188337218096728,329.58793023531666
6000,15,annual,0.0,0.0,263.632,49100.97,0.6488284092085658,325.49485263887044
6000,15,annual,0.25,0.0,263.632,49100.97,0.6488284092085658,325.49485263887044
6000,15,annual,0.5,0.0,263.632,49100.97,0.6488284092085658,325.49485263887044
6000,15,annual,0.75,0.0,263.632,49100.97,0.6488284092085658,325.49485263887044
6000,15,annual,1.0,0.0,263.632,49100.97,0.6488284092085658,325.49485263887044
7000,15,annual,0.0,0.0,256.961,43085.99,0.5841263160928648,321.35027043119163
7000,15,annual,0.25,0.0,256.961,43085.99,0.5841263160928648,321.35027043119163
7000,15,annual,0.5,0.0,256.961,43085.99,0.5841263160928648,321.35027043119163
7000,15,annual,0.75,0.0,256.961,43085.99,0.5841263160928648,321.35027043119163
7000,15,annual,1.0,0.0,256.961,43085.99,0.5841263160928648,321.35027043119163
8000,15,annual,0.0,0.0,250.292,37679.74,0.5244436589384713,317.152797979775
8000,15,annual,0.25,0.0,250.292,37679.74,0.5244436589384713,317.152797979775
8000,15,annual,0.5,0.0,250.292,37679.74,0.5244436589384713,317.152797979775
8000,15,annual,0.75,0.0,250.292,37679.74,0.5244436589384713,317.152797979775
8000,15,annual,1.0,0.0,250.292,37679.74,0.5244436589384713,317.152797979775
9000,15,annual,0.0,0.0,243.626,32834.18,0.4695052467421166,312.9009489426326
9000,15,annual,0.25,0.0,243.626,32834.18,0.4695052467421166,312.9009489426326
9000,15,annual,0.5,0.0,243.626,32834.18,0.4695052467421166,312.9009489426326
9000,15,annual,0.75,0.0,243.626,32834.18,0.4695052467421166,312.9009489426326
9000,15,annual,1.0,0.0,243.626,32834.18,0.4695052467421166,312.9009489426326
10000,15,annual,0.0,0.0,236.961,28503.980000000003,0.41905067120744977,308.5911734094156
10000,15,annual,0.25,0.0,236.961,28503.980000000003,0.41905067120744977,308.5911734094156
10000,15,annual,0.5,0.0,236.961,28503.980000000003,0.41905067120744977,308.5911734094156
10000,15,annual,0.75,0.0,236.961,28503.980000000003,0.41905067120744977,308.5911734094156
10000,15,annual,1.0,0.0,236.961,28503.980000000003,0.41905067120744977,308.5911734094156
0,30,winter,0.0,0.0,283.15,102050.0,1.2555509848345996,337.3287413340286
0,30,winter,0.25,1.5125,283.15,102050.0,1.254408088946214,337.3287413340286
0,30,winter,0.5,3.025,283.15,102050.0,1.2532651930578287,337.3287413340286
0,30,winter,0.75,4.5375,283.15,102050.0,1.2521222971694432,337.3287413340286
0,30,winter,1.0,6.05,283.15,102050.0,1.2509794012810578,337.3287413340286
1000,30,winter,0.0,0.0,281.652,90438.77,1.1186126275996906,336.43524217655914
1000,30,winter,0.25,0.99,281.652,90438.77,1.1179440483280765,336.43524217655914
1000,30,winter,0.5,1.98,281.652,90438.77,1.1172754690564624,336.43524217655914
1000,30,winter,0.75,2.9699999999999998,281.652,90438.77,1.1166068897848482,336.43524217655914
1000,30,winter,1.0,3.96,281.652,90438.77,1.115938310513234,336.43524217655914
2000,30,winter,0.0,0.0,280.155,80100.13,0.9960307652123078,335.5399625990919
2000,30,winter,0.25,0.6725,280.155,80100.13,0.9956253589661153,335.5399625990919
2000,30,winter,0.5,1.345,280.155,80100.13,0.9952199527199228,335.5399625990919
2000,30,winter,0.75,2.0175,280.155,80100.13,0.9948145464737302,335.5399625990919
2000,30,winter,1.0,2.69,280.155,80100.13,0.9944091402275377,335.5399625990919
3000,30,winter,0.0,0.0,273.785,70823.81,0.9011717013814926,331.70337328251577
3000,30,winter,0.25,0.4775,273.785,70823.81,0.9009107739124058,331.70337328251577
3000,30,winter,0.5,0.955,273.785,70823.81,0.9006498464433191,331.70337328251577
3000,30,winter,0.75,1.4324999999999999,273.785,70823.81,0.9003889189742323,331.70337328251577
3000,30,winter,1.0,1.91,273.785,70823.81,0.9001279915051457,331.70337328251577
4000,30,winter,0.0,0.0,267.401,62442.600000000006,0.8134968224616105,327.8133050292498
4000,30,winter,0.25,0.325,267.401,62442.600000000006,0.8133367745381745,327.8133050292498
4000,30,winter,0.5,0.65,267.401,62442.600000000006,0.8131767266147385,327.8133050292498
4000,30,winter,0.75,0.9750000000000001,267.401,62442.600000000006,0.8130166786913027,327.8133050292498
4000,30,winter,1.0,1.3,267.401,62442.600000000006,0.8128566307678667,327.8133050292498
5000,30,winter,0.0,0.0,261.019,54888.189999999995,0.7325625250170484,323.87775751014453
5000,30,winter,0.25,0.2075,261.019,54888.189999999995,0.7324704545264962,323.87775751014453
5000,30,winter,0.5,0.415,261.019,54888.189999999995,0.7323783840359438,323.87775751014453
5000,30,winter,0.75,0.6224999999999999,261.019,54888.189999999995,0.7322863135453914,323.87775751014453
5000,30,winter,1.0,0.83,261.019,54888.189999999995,0.732194243054839,323.87775751014453
6000,30,winter,0.0,0.0,254.639,48095.95,0.6579933391445894,319.89505218711963
6000,30,winter,0.25,0.125,254.639,48095.95,0.6579429183825206,319.89505218711963
6000,30,winter,0.5,0.25,254.639,48095.95,0.657892497620452,319.89505218711963
6000,30,winter,0.75,0.375,254.639,48095.95,0.6578420768583833,319.89505218711963
6000,30,winter,1.0,0.5,254.639,48095.95,0.6577916560963145,319.89505218711963
7000,30,winter,0.0,0.0,248.261,42005.020000000004,0.589427786619167,315.86340523428794
7000,30,winter,0.25,0.085,248.261,42005.020000000004,0.5893972873765951,315.86340523428794
7000,30,winter,0.5,0.17,248.261,42005.020000000004,0.5893667881340232,315.86340523428794
7000,30,winter,0.75,0.255,248.261,42005.020000000004,0.5893362888914514,315.86340523428794
7000,30,winter,1.0,0.34,248.261,42005.020000000004,0.5893057896488795,315.86340523428794
8000,30,winter,0.0,0.0,241.884,36557.99,0.5265178240391967,311.7802735786855
8000,30,winter,0.25,0.0575,241.884,36557.99,0.5264987698438975,311.7802735786855
8000,30,winter,0.5,0.115,241.884,36557.99,0.5264797156485984,311.7802735786855
8000,30,winter,0.75,0.17250000000000001,241.884,36557.99,0.5264606614532993,311.7802735786855
8000,30,winter,1.0,0.23,241.884,36557.99,0.5264416072580002,311.7802735786855
9000,30,winter,0.0,0.0,235.51,31700.920000000002,0.4689218002833973,307.64491356432336
9000,30,winter,0.25,0.0425,235.51,31700.920000000002,0.4689092196393295,307.64491356432336
9000,30,winter,0.5,0.085,235.51,31700.920000000002,0.4688966389952618,307.64491356432336
9000,30,winter,0.75,0.1275,235.51,31700.920000000002,0.468884058351194,307.64491356432336
9000,30,winter,1.0,0.17,235.51,31700.920000000002,0.4688714777071262,307.64491356432336
10000,30,winter,0.0,0.0,229.138,27383.11,0.41631644163264225,303.45452779551664
10000,30,winter,0.25,0.03,229.138,27383.11,0.41630782130345373,303.45452779551664
10000,30,winter,0.5,0.06,229.138,27383.11,0.4162992009742652,303.45452779551664
10000,30,winter,0.75,0.09,229.138,27383.11,0.4162905806450767,303.45452779551664
10000,30,winter,1.0,0.12,229.138,27383.11,0.4162819603158881,303.45452779551664
0,30,summer,0.0,0.0,297.15,101400.0,1.1887762784997398,345.567531070267
0,30,summer,0.25,3.7,297.15,101400.0,1.186166105637829,345.567531070267
0,30,summer,0.5,7.4,297.15,101400.0,1.1835559327759184,345.567531070267
0,30,summer,0.75,11.100000000000001,297.15,101400.0,1.1809457599140076,345.567531070267
0,30,summer,1.0,14.8,297.15,101400.0,1.178335587052097,345.567531070267
1000,30,summer,0.0,0.0,292.657,90323.89,1.0751811128675783,342.94503604717767
1000,30,summer,0.25,2.125,292.657,90323.89,1.0738109944938883,342.94503604717767
1000,30,summer,0.5,4.25,292.657,90323.89,1.072440876120198,342.94503604717767
1000,30,summer,0.75,6.375,292.657,90323.89,1.071070757746508,342.94503604717767
1000,30,summer,1.0,8.5,292.657,90323.89,1.0697006393728175,342.94503604717767
2000,30,summer,0.0,0.0,288.165,80316.78,0.9709636413166297,340.3029221781676
2000,30,summer,0.25,1.455,288.165,80316.78,0.9701136755723146,340.3029221781676
2000,30,summer,0.5,2.91,288.165,80316.78,0.9692637098279996,340.3029221781676
2000,30,summer,0.75,4.365,288.165,80316.78,0.9684137440836845,340.3029221781676
2000,30,summer,1.0,5.82,288.165,80316.78,0.9675637783393695,340.3029221781676
3000,30,summer,0.0,0.0,282.183,71267.16,0.8798254415142018,336.75223440773186
3000,30,summer,0.25,1.0525,282.183,71267.16,0.8792666183686905,336.75223440773186
3000,30,summer,0.5,2.105,282.183,71267.16,0.8787077952231792,336.75223440773186
3000,30,summer,0.75,3.1574999999999998,282.183,71267.16,0.8781489720776678,336.75223440773186
3000,30,summer,1.0,4.21,282.183,71267.16,0.8775901489321565,336.75223440773186
4000,30,summer,0.0,0.0,276.198,63077.72,0.7955974225214841,333.1618980189661
4000,30,summer,0.25,0.7675,276.198,63077.72,0.7952279255502434,333.1618980189661
4000,30,summer,0.5,1.535,276.198,63077.72,0.7948584285790028,333.1618980189661
4000,30,summer,0.75,2.3024999999999998,276.198,63077.72,0.794488931607762,333.1618980189661
4000,30,summer,1.0,3.07,276.198,63077.72,0.7941194346365215,333.1618980189661
5000,30,summer,0.0,0.0,270.215,55682.45,0.717871632568113,329.53366588711384
5000,30,summer,0.25,0.565,270.215,55682.45,0.7176267508733455,329.53366588711384
5000,30,summer,0.5,1.13,270.215,55682.45,0.7173818691785777,329.53366588711384
5000,30,summer,0.75,1.6949999999999998,270.215,55682.45,0.7171369874838102,329.53366588711384
5000,30,summer,1.0,2.26,270.215,55682.45,0.7168921057890425,329.53366588711384
6000,30,summer,0.0,0.0,264.233,49019.130000000005,0.6462736563258256,325.86565558309456
6000,30,summer,0.25,0.4125,264.233,49019.130000000005,0.6461116895208667,325.86565558309456
6000,30,summer,0.5,0.825,264.233,49019.130000000005,0.6459497227159078,325.86565558309456
6000,30,summer,0.75,1.2374999999999998,264.233,49019.130000000005,0.645787755910949,325.86565558309456
6000,30,summer,1.0,1.65,264.233,49019.130000000005,0.6456257891059902,325.86565558309456
7000,30,summer,0.0,0.0,258.254,43029.21,0.5804358465557169,322.157755838347
7000,30,summer,0.25,0.305,258.254,43029.21,0.5803287681373597,322.157755838347
7000,30,summer,0.5,0.61,258.254,43029.21,0.5802216897190026,322.157755838347
7000,30,summer,0.75,0.915,258.254,43029.21,0.5801146113006452,322.157755838347
7000,30,summer,1.0,1.22,258.254,43029.21,0.580007532882288,322.157755838347
8000,30,summer,0.0,0.0,252.276,37657.69,0.5200147346560867,318.4073109700844
8000,30,summer,0.25,0.21,252.276,37657.69,0.5199455723203587,318.4073109700844
8000,30,summer,0.5,0.42,252.276,37657.69,0.5198764099846306,318.4073109700844
8000,30,summer,0.75,0.63,252.276,37657.69,0.5198072476489024,318.4073109700844
8000,30,summer,1.0,0.84,252.276,37657.69,0.5197380853131743,318.4073109700844
9000,30,summer,0.0,0.0,245.325,32844.240000000005,0.46639653943027454,313.9901083075707
9000,30,summer,0.25,0.14,245.325,32844.240000000005,0.4663562817111346,313.9901083075707
9000,30,summer,0.5,0.28,245.325,32844.240000000005,0.4663160239919946,313.9901083075707
9000,30,summer,0.75,0.42000000000000004,245.325,32844.240000000005,0.4662757662728547,313.9901083075707
9000,30,summer,1.0,0.56,245.325,32844.240000000005,0.46623550855371476,313.9901083075707
10000,30,summer,0.0,0.0,238.356,28534.620000000003,0.4170459563439815,309.49818547965674
10000,30,summer,0.25,0.0925,238.356,28534.620000000003,0.4170238578024207,309.49818547965674
10000,30,summer,0.5,0.185,238.356,28534.620000000003,0.41700175926085986,309.49818547965674
10000,30,summer,0.75,0.27749999999999997,238.356,28534.620000000003,0.41697966071929904,309.49818547965674
10000,30,summer,1.0,0.37,238.356,28534.620000000003,0.4169575621777383,309.49818547965674
0,45,winter,0.0,0.0,272.65,101800.0,1.3007091217617186,331.0151063471273
0,45,winter,0.25,0.7474999999999999,272.65,101800.0,1.3001207984404988,331.0151063471273
0,45,winter,0.5,1.4949999999999999,272.65,101800.0,1.2995324751192794,331.0151063471273
0,45,winter,0.75,2.2424999999999997,272.65,101800.0,1.2989441517980596,331.0151063471273
0,45,winter,1.0,2.9899999999999998,272.65,101800.0,1.2983558284768402,331.0151063471273
1000,45,winter,0.0,0.0,268.651,89729.65000000001,1.163550995868734,328.57861419179426
1000,45,winter,0.25,0.5549999999999999,268.651,89729.65000000001,1.16315886481601,328.57861419179426
1000,45,winter,0.5,1.1099999999999999,268.651,89729.65000000001,1.1627667337632857,328.57861419179426
1000,45,winter,0.75,1.6649999999999998,268.651,89729.65000000001,1.1623746027105617,328.57861419179426
1000,45,winter,1.0,2.2199999999999998,268.651,89729.65000000001,1.1619824716578373,328.57861419179426
2000,45,winter,0.0,0.0,264.653,78944.1,1.0391560407003408,326.1245354961813
2000,45,winter,0.25,0.39875,264.653,78944.1,1.038903213700372,326.1245354961813
2000,45,winter,0.5,0.7975,264.653,78944.1,1.0386503867004033,326.1245354961813
2000,45,winter,0.75,1.19625,264.653,78944.1,1.0383975597004345,326.1245354961813
2000,45,winter,1.0,1.595,264.653,78944.1,1.0381447327004656,326.1245354961813
3000,45,winter,0.0,0.0,260.656,69322.56999999999,0.9264987518317647,323.6524702133447
3000,45,winter,0.25,0.28625,260.656,69322.56999999999,0.9263364568394097,323.6524702133447
3000,45,winter,0.5,0.5725,260.656,69322.56999999999,0.9261741618470546,323.6524702133447
3000,45,winter,0.75,0.85875,260.656,69322.56999999999,0.9260118668546996,323.6524702133447
3000,45,winter,1.0,1.145,260.656,69322.56999999999,0.9258495718623445,323.6524702133447
4000,45,winter,0.0,0.0,254.665,60722.91,0.8306560341107667,319.9113832657412
4000,45,winter,0.25,0.191875,254.665,60722.91,0.8305849351674306,319.9113832657412
4000,45,winter,0.5,0.38375,254.665,60722.91,0.8305138362240945,319.9113832657412
4000,45,winter,0.75,0.5756249999999999,254.665,60722.91,0.8304427372807586,319.9113832657412
4000,45,winter,1.0,0.7675,254.665,60722.91,0.8303716383374224,319.9113832657412
5000,45,winter,0.0,0.0,248.674,53024.82,0.7428253781124343,316.12602678488844
5000,45,winter,0.25,0.130625,248.674,53024.82,0.7427654738228963,316.12602678488844
5000,45,winter,0.5,0.26125,248.674,53024.82,0.7427055695333583,316.12602678488844
5000,45,winter,0.75,0.391875,248.674,53024.82,0.7426456652438203,316.12602678488844
5000,45,winter,1.0,0.5225,248.674,53024.82,0.7425857609542823,316.12602678488844
6000,45,winter,0.0,0.0,242.684,46151.85,0.6624999958091198,312.29543440915046
6000,45,winter,0.25,0.085625,242.684,46151.85,0.662464386964575,312.29543440915046
6000,45,winter,0.5,0.17125,242.684,46151.85,0.6624287781200303,312.29543440915046
6000,45,winter,0.75,0.256875,242.684,46151.85,0.6623931692754854,312.29543440915046
6000,45,winter,1.0,0.3425,242.684,46151.85,0.6623575604309407,312.29543440915046
7000,45,winter,0.0,0.0,236.696,40032.43,0.5891948527481243,308.418572143767
7000,45,winter,0.25,0.058750000000000004,236.696,40032.43,0.5891732946473405,308.418572143767
7000,45,winter,0.5,0.11750000000000001,236.696,40032.43,0.5891517365465566,308.418572143767
7000,45,winter,0.75,0.17625000000000002,236.696,40032.43,0.5891301784457728,308.418572143767
7000,45,winter,1.0,0.23500000000000001,236.696,40032.43,0.5891086203449889,308.418572143767
8000,45,winter,0.0,0.0,230.71,34599.67,0.5224484528463569,304.4936726469041
8000,45,winter,0.25,0.044375,230.71,34599.67,0.5224338267926218,304.4936726469041
8000,45,winter,0.5,0.08875,230.71,34599.67,0.5224192007388866,304.4936726469041
8000,45,winter,0.75,0.133125,230.71,34599.67,0.5224045746851516,304.4936726469041
8000,45,winter,1.0,0.1775,230.71,34599.67,0.5223899486314163,304.4936726469041
9000,45,winter,0.0,0.0,224.726,29791.17,0.46181937378899773,300.51885376661477
9000,45,winter,0.25,0.040625,224.726,29791.17,0.46180728812974736,300.51885376661477
9000,45,winter,0.5,0.08125,224.726,29791.17,0.46179520247049705,300.51885376661477
9000,45,winter,0.75,0.12187500000000001,224.726,29791.17,0.4617831168112466,300.51885376661477
9000,45,winter,1.0,0.1625,224.726,29791.17,0.46177103115199625,300.51885376661477
10000,45,winter,0.0,0.0,218.744,25548.79,0.40688539107663824,296.49210782885945
10000,45,winter,0.25,0.050625,218.744,25548.79,0.4068718461680492,296.49210782885945
10000,45,winter,0.5,0.10125,218.744,25548.79,0.40685830125946015,296.49210782885945
10000,45,winter,0.75,0.151875,218.744,25548.79,0.40684475635087114,296.49210782885945
10000,45,winter,1.0,0.2025,218.744,25548.79,0.406831211442282,296.49210782885945
0,45,summer,0.0,0.0,291.15,101350.0,1.212676240064162,342.0609204951656
0,45,summer,0.25,2.513125,291.15,101350.0,1.2108569205906556,342.0609204951656
0,45,summer,0.5,5.02625,291.15,101350.0,1.2090376011171493,342.0609204951656
0,45,summer,0.75,7.539375,291.15,101350.0,1.2072182816436428,342.0609204951656
0,45,summer,1.0,10.0525,291.15,101350.0,1.2053989621701364,342.0609204951656
1000,45,summer,0.0,0.0,286.651,90048.05,1.0943563476885503,339.40778026468394
1000,45,summer,0.25,1.733125,286.651,90048.05,1.0932150645553929,339.40778026468394
1000,45,summer,0.5,3.46625,286.651,90048.05,1.0920737814222357,339.40778026468394
1000,45,summer,0.75,5.199375,286.651,90048.05,1.0909324982890782,339.40778026468394
1000,45,summer,1.0,6.9325,286.651,90048.05,1.0897912151559208,339.40778026468394
2000,45,summer,0.0,0.0,282.153,79859.96,0.9860122850639332,336.73433319547325
2000,45,summer,0.25,1.2675,282.153,79859.96,0.9852570935428322,336.73433319547325
2000,45,summer,0.5,2.535,282.153,79859.96,0.984501902021731,336.73433319547325
2000,45,summer,0.75,3.8025,282.153,79859.96,0.98374671050063,336.73433319547325
2000,45,summer,1.0,5.07,282.153,79859.96,0.982991518979529,336.73433319547325
3000,45,summer,0.0,0.0,276.158,70667.5,0.8914561978101593,333.13777228588174
3000,45,summer,0.25,0.9212499999999999,276.158,70667.5,0.8909584967458177,333.13777228588174
3000,45,summer,0.5,1.8424999999999998,276.158,70667.5,0.8904607956814763,333.13777228588174
3000,45,summer,0.75,2.76375,276.158,70667.5,0.8899630946171347,333.13777228588174
3000,45,summer,1.0,3.6849999999999996,276.158,70667.5,0.8894653935527933,333.13777228588174
4000,45,summer,0.0,0.0,270.165,62368.01,0.8042123011435464,329.50317637770956
4000,45,summer,0.25,0.655,270.165,62368.01,0.8038930430436965,329.50317637770956
4000,45,summer,0.5,1.31,270.165,62368.01,0.8035737849438468,329.50317637770956
4000,45,summer,0.75,1.965,270.165,62368.01,0.8032545268439969,329.50317637770956
4000,45,summer,1.0,2.62,270.165,62368.01,0.8029352687441471,329.50317637770956
5000,45,summer,0.0,0.0,264.174,54891.409999999996,0.7238560765181536,325.82927264259115
5000,45,summer,0.25,0.46375,264.174,54891.409999999996,0.7236513919860258,325.82927264259115
5000,45,summer,0.5,0.9275,264.174,54891.409999999996,0.723446707453898,325.82927264259115
5000,45,summer,0.75,1.3912499999999999,264.174,54891.409999999996,0.7232420229217701,325.82927264259115
5000,45,summer,1.0,1.855,264.174,54891.409999999996,0.7230373383896423,325.82927264259115
6000,45,summer,0.0,0.0,258.184,48171.78,0.6499819242509821,322.1140922915357
6000,45,summer,0.25,0.346875,258.184,48171.78,0.6498438959003198,322.1140922915357
6000,45,summer,0.5,0.69375,258.184,48171.78,0.6497058675496575,322.1140922915357
6000,45,summer,0.75,1.040625,258.184,48171.78,0.6495678391989953,322.1140922915357
6000,45,summer,1.0,1.3875,258.184,48171.78,0.649429810848333,322.1140922915357
7000,45,summer,0.0,0.0,252.196,42147.14,0.582194134489986,318.3568214177293
7000,45,summer,0.25,0.23375,252.196,42147.14,0.5821109175554807,318.3568214177293
7000,45,summer,0.5,0.4675,252.196,42147.14,0.5820277006209753,318.3568214177293
7000,45,summer,0.75,0.70125,252.196,42147.14,0.58194448368647,318.3568214177293
7000,45,summer,1.0,0.935,252.196,42147.14,0.5818612667519646,318.3568214177293
8000,45,summer,0.0,0.0,246.21,36759.38,0.5201162223602399,314.5559517510359
8000,45,summer,0.25,0.15,246.21,36759.38,0.5200674181943379,314.5559517510359
8000,45,summer,0.5,0.3,246.21,36759.38,0.5200186140284359,314.5559517510359
8000,45,summer,0.75,0.44999999999999996,246.21,36759.38,0.5199698098625338,314.5559517510359
8000,45,summer,1.0,0.6,246.21,36759.38,0.5199210056966318,314.5559517510359
9000,45,summer,0.0,0.0,240.226,31954.020000000004,0.4633865272357749,310.70988328213826
9000,45,summer,0.25,0.08937500000000001,240.226,31954.020000000004,0.4633598042906474,310.70988328213826
9000,45,summer,0.5,0.17875000000000002,240.226,31954.020000000004,0.4633330813455198,310.70988328213826
9000,45,summer,0.75,0.26812500000000006,240.226,31954.020000000004,0.4633063584003923,310.70988328213826
9000,45,summer,1.0,0.35750000000000004,240.226,31954.020000000004,0.46327963545526474,310.70988328213826
10000,45,summer,0.0,0.0,234.244,27680.12,0.41165879927341936,306.81691626245123
10000,45,summer,0.25,0.053125000000000006,234.244,27680.12,0.4116447452315542,306.81691626245123
10000,45,summer,0.5,0.10625000000000001,234.244,27680.12,0.411630691189689,306.81691626245123
10000,45,summer,0.75,0.15937500000000002,234.244,27680.12,0.4116166371478238,306.81691626245123
10000,45,summer,1.0,0.21250000000000002,234.244,27680.12,0.4116025831059586,306.81691626245123
0,60,winter,0.0,0.0,256.15,101300.0,1.3776947235337262,320.8427595100129
0,60,winter,0.25,0.33,256.15,101300.0,1.3774177599737945,320.8427595100129
0,60,winter,0.5,0.66,256.15,101300.0,1.3771407964138629,320.8427595100129
0,60,winter,0.75,0.99,256.15,101300.0,1.376863832853931,320.8427595100129
0,60,winter,1.0,1.32,256.15,101300.0,1.3765868692939993,320.8427595100129
1000,60,winter,0.0,0.0,258.146,88684.49,1.1967961482923306,322.0903867444665
1000,60,winter,0.25,0.305,258.146,88684.49,1.1965729749245593,322.0903867444665
1000,60,winter,0.5,0.61,258.146,88684.49,1.196349801556788,322.0903867444665
1000,60,winter,0.75,0.915,258.146,88684.49,1.1961266281890166,322.0903867444665
1000,60,winter,1.0,1.22,258.146,88684.49,1.1959034548212453,322.0903867444665
2000,60,winter,0.0,0.0,254.142,77602.59,1.063745369904217,319.5827168925128
2000,60,winter,0.25,0.22749999999999998,254.142,77602.59,1.0635976979145325,319.5827168925128
2000,60,winter,0.5,0.45499999999999996,254.142,77602.59,1.0634500259248478,319.5827168925128
2000,60,winter,0.75,0.6824999999999999,254.142,77602.59,1.0633023539351631,319.5827168925128
2000,60,winter,1.0,0.9099999999999999,254.142,77602.59,1.0631546819454787,319.5827168925128
3000,60,winter,0.0,0.0,250.137,67764.58,0.9437625156189102,317.05458010475104
3000,60,winter,0.25,0.1625,250.137,67764.58,0.9436684138421795,317.05458010475104
3000,60,winter,0.5,0.325,250.137,67764.58,0.943574312065449,317.05458010475104
3000,60,winter,0.75,0.48750000000000004,250.137,67764.58,0.9434802102887182,317.05458010475104
3000,60,winter,1.0,0.65,250.137,67764.58,0.9433861085119876,317.05458010475104
4000,60,winter,0.0,0.0,244.636,59022.22,0.8404910311563144,313.54887464508624
4000,60,winter,0.25,0.105,244.636,59022.22,0.8404546971643705,313.54887464508624
4000,60,winter,0.5,0.21,244.636,59022.22,0.8404183631724265,313.54887464508624
4000,60,winter,0.75,0.315,244.636,59022.22,0.8403820291804825,313.54887464508624
4000,60,winter,1.0,0.42,244.636,59022.22,0.8403456951885385,313.54887464508624
5000,60,winter,0.0,0.0,239.137,51248.74,0.7465765173163253,310.00482345505526
5000,60,winter,0.25,0.0675,239.137,51248.74,0.7465448544098736,310.00482345505526
5000,60,winter,0.5,0.135,239.137,51248.74,0.7465131915034219,310.00482345505526
5000,60,winter,0.75,0.2025,239.137,51248.74,0.7464815285969703,310.00482345505526
5000,60,winter,1.0,0.27,239.137,51248.74,0.7464498656905185,310.00482345505526
6000,60,winter,0.0,0.0,233.639,44355.17,0.6613583167910241,306.42044026761664
6000,60,winter,0.25,0.0475,233.639,44355.17,0.6613385901829847,306.42044026761664
6000,60,winter,0.5,0.095,233.639,44355.17,0.6613188635749451,306.42044026761664
6000,60,winter,0.75,0.14250000000000002,233.639,44355.17,0.6612991369669057,306.42044026761664
6000,60,winter,1.0,0.19,233.639,44355.17,0.6612794103588662,306.42044026761664
7000,60,winter,0.0,0.0,228.143,38258.79,0.5842005916607332,302.7949563823678
7000,60,winter,0.25,0.03875,228.143,38258.79,0.584186161785687,302.7949563823678
7000,60,winter,0.5,0.0775,228.143,38258.79,0.5841717319106408,302.7949563823678
7000,60,winter,0.75,0.11624999999999999,228.143,38258.79,0.5841573020355946,302.7949563823678
7000,60,winter,1.0,0.155,228.143,38258.79,0.5841428721605484,302.7949563823678
8000,60,winter,0.0,0.0,222.649,32883.18,0.5145066244496109,299.1268773544096
8000,60,winter,0.25,0.04,222.649,32883.18,0.514494056399742,299.1268773544096
8000,60,winter,0.5,0.08,222.649,32883.18,0.5144814883498731,299.1268773544096
8000,60,winter,0.75,0.12,222.649,32883.18,0.514468920300004,299.1268773544096
8000,60,winter,1.0,0.16,222.649,32883.18,0.5144563522501352,299.1268773544096
9000,60,winter,0.0,0.0,217.157,28157.5,0.45170840273728796,295.41461651279207
9000,60,winter,0.25,0.04625,217.157,28157.5,0.451695516835681,295.41461651279207
9000,60,winter,0.5,0.0925,217.157,28157.5,0.45168263093407396,295.41461651279207
9000,60,winter,0.75,0.13874999999999998,217.157,28157.5,0.451669745032467,295.41461651279207
9000,60,winter,1.0,0.185,217.157,28157.5,0.45165685913086,295.41461651279207
10000,60,winter,0.0,0.0,217.15,24064.99,0.3860679609085597,295.40985516735896
10000,60,winter,0.25,0.06375,217.15,24064.99,0.38605280053562546,295.40985516735896
10000,60,winter,0.5,0.1275,217.15,24064.99,0.3860376401626912,295.40985516735896
10000,60,winter,0.75,0.19125,217.15,24064.99,0.386022479789757,295.40985516735896
10000,60,winter,1.0,0.255,217.15,24064.99,0.38600731941682276,295.40985516735896
0,60,summer,0.0,0.0,282.15,101020.0,1.2472836215086638,336.7325430219063
0,60,summer,0.25,1.71375,282.15,101020.0,1.2459972445218155,336.7325430219063
0,60,summer,0.5,3.4275,282.15,101020.0,1.2447108675349674,336.7325430219063
0,60,summer,0.75,5.14125,282.15,101020.0,1.243424490548119,336.7325430219063
0,60,summer,1.0,6.855,282.15,101020.0,1.242138113561271,336.7325430219063
1000,60,summer,0.0,0.0,277.945,89406.17,1.1205894643928178,334.21389037411353
1000,60,summer,0.25,1.3912499999999999,277.945,89406.17,1.1196466549570645,334.21389037411353
1000,60,summer,0.5,2.7824999999999998,277.945,89406.17,1.1187038455213114,334.21389037411353
1000,60,summer,0.75,4.17375,277.945,89406.17,1.117761036085558,334.21389037411353
1000,60,summer,1.0,5.5649999999999995,277.945,89406.17,1.116818226649805,334.21389037411353
2000,60,summer,0.0,0.0,273.742,78983.45000000001,1.0051539271959766,331.677324000903
2000,60,summer,0.25,1.04125,273.742,78983.45000000001,1.0045183427301876,331.677324000903
2000,60,summer,0.5,2.0825,273.742,78983.45000000001,1.0038827582643985,331.677324000903
2000,60,summer,0.75,3.1237500000000002,273.742,78983.45000000001,1.0032471737986093,331.677324000903
2000,60,summer,1.0,4.165,273.742,78983.45000000001,1.0026115893328202,331.677324000903
3000,60,summer,0.0,0.0,269.54,69644.84,0.9001266725476041,329.1218191916179
3000,60,summer,0.25,0.7175,269.54,69644.84,0.8997327814064338,329.1218191916179
3000,60,summer,0.5,1.435,269.54,69644.84,0.8993388902652635,329.1218191916179
3000,60,summer,0.75,2.1525,269.54,69644.84,0.898944999124093,329.1218191916179
3000,60,summer,1.0,2.87,269.54,69644.84,0.8985511079829226,329.1218191916179
4000,60,summer,0.0,0.0,265.339,61291.59,0.8047068711880522,326.5469313189147
4000,60,summer,0.25,0.50125,265.339,61291.59,0.8044612115426294,326.5469313189147
4000,60,summer,0.5,1.0025,265.339,61291.59,0.8042155518972065,326.5469313189147
4000,60,summer,0.75,1.50375,265.339,61291.59,0.8039698922517837,326.5469313189147
4000,60,summer,1.0,2.005,265.339,61291.59,0.8037242326063609,326.5469313189147
5000,60,summer,0.0,0.0,261.133,53832.53,0.7181595547573352,323.9484765647154
5000,60,summer,0.25,0.34875,261.133,53832.53,0.718006381044938,323.9484765647154
5000,60,summer,0.5,0.6975,261.133,53832.53,0.7178532073325407,323.9484765647154
5000,60,summer,0.75,1.0462500000000001,261.133,53832.53,0.7177000336201435,323.9484765647154
5000,60,summer,1.0,1.395,261.133,53832.53,0.7175468599077461,323.9484765647154
6000,60,summer,0.0,0.0,254.136,47149.689999999995,0.6463244147639852,319.57894438025795
6000,60,summer,0.25,0.25125,254.136,47149.689999999995,0.64622466904765,319.57894438025795
6000,60,summer,0.5,0.5025,254.136,47149.689999999995,0.6461249233313149,319.57894438025795
6000,60,summer,0.75,0.7537499999999999,254.136,47149.689999999995,0.6460251776149797,319.57894438025795
6000,60,summer,1.0,1.005,254.136,47149.689999999995,0.6459254318986446,319.57894438025795
7000,60,summer,0.0,0.0,247.142,41149.340000000004,0.5800350357341367,315.1507473200722
7000,60,summer,0.25,0.16499999999999998,247.142,41149.340000000004,0.5799764251785705,315.1507473200722
7000,60,summer,0.5,0.32999999999999996,247.142,41149.340000000004,0.5799178146230043,315.1507473200722
7000,60,summer,0.75,0.49499999999999994,247.142,41149.340000000004,0.5798592040674382,315.1507473200722
7000,60,summer,1.0,0.6599999999999999,247.142,41149.340000000004,0.579800593511872,315.1507473200722
8000,60,summer,0.0,0.0,240.149,35767.68,0.5188572611086835,310.6600831387901
8000,60,summer,0.25,0.10750000000000001,240.149,35767.68,0.5188229899376328,310.6600831387901
8000,60,summer,0.5,0.21500000000000002,240.149,35767.68,0.518788718766582,310.6600831387901
8000,60,summer,0.75,0.3225,240.149,35767.68,0.5187544475955311,310.6600831387901
8000,60,summer,1.0,0.43000000000000005,240.149,35767.68,0.5187201764244804,310.6600831387901
9000,60,summer,0.0,0.0,233.159,30965.570000000003,0.4626630373839929,306.1055154645208
9000,60,summer,0.25,0.065,233.159,30965.570000000003,0.46264397613726166,306.1055154645208
9000,60,summer,0.5,0.13,233.159,30965.570000000003,0.46262491489053054,306.1055154645208
9000,60,summer,0.75,0.195,233.159,30965.570000000003,0.4626058536437993,306.1055154645208
9000,60,summer,1.0,0.26,233.159,30965.570000000003,0.46258679239706807,306.1055154645208
10000,60,summer,0.0,0.0,226.171,26692.09,0.4111341691159023,301.4834816174843
10000,60,summer,0.25,0.04,226.171,26692.09,0.411123252348337,301.4834816174843
10000,60,summer,0.5,0.08,226.171,26692.09,0.41111233558077176,301.4834816174843
10000,60,summer,0.75,0.12,226.171,26692.09,0.4111014188132065,301.4834816174843
10000,60,summer,1.0,0.16,226.171,26692.09,0.41109050204564124,301.4834816174843
0,80,winter,0.0,0.0,248.95,101380.0,1.4186591589138016,316.3014101928728
0,80,winter,0.25,0.1675,248.95,101380.0,1.4185150190571594,316.3014101928728
0,80,winter,0.5,0.335,248.95,101380.0,1.418370879200517,316.3014101928728
0,80,winter,0.75,0.5025000000000001,248.95,101380.0,1.4182267393438748,316.3014101928728
0,80,winter,1.0,0.67,248.95,101380.0,1.4180825994872326,316.3014101928728
1000,80,winter,0.0,0.0,253.044,88451.73999999999,1.2177222641979693,318.89160394215463
1000,80,winter,0.25,0.2,253.044,88451.73999999999,1.217573951434962,318.89160394215463
1000,80,winter,0.5,0.4,253.044,88451.73999999999,1.2174256386719546,318.89160394215463
1000,80,winter,0.75,0.6000000000000001,253.044,88451.73999999999,1.2172773259089473,318.89160394215463
1000,80,winter,1.0,0.8,253.044,88451.73999999999,1.21712901314594,318.89160394215463
2000,80,winter,0.0,0.0,250.238,77202.17,1.074766589253534,317.11858359232116
2000,80,winter,0.25,0.1475,250.238,77202.17,1.0746718676689817,317.11858359232116
2000,80,winter,0.5,0.295,250.238,77202.17,1.0745771460844296,317.11858359232116
2000,80,winter,0.75,0.4425,250.238,77202.17,1.0744824244998772,317.11858359232116
2000,80,winter,1.0,0.59,250.238,77202.17,1.0743877029153248,317.11858359232116
3000,80,winter,0.0,0.0,247.412,67283.01,0.947376400197055,315.3228497435605
3000,80,winter,0.25,0.1025,247.412,67283.01,0.9473178536030187,315.3228497435605
3000,80,winter,0.5,0.205,247.412,67283.01,0.9472593070089821,315.3228497435605
3000,80,winter,0.75,0.3075,247.412,67283.01,0.9472007604149457,315.3228497435605
3000,80,winter,1.0,0.41,247.412,67283.01,0.9471422138209092,315.3228497435605
4000,80,winter,0.0,0.0,240.903,58486.149999999994,0.8457631040090379,311.14739337265866
4000,80,winter,0.25,0.0625,240.903,58486.149999999994,0.8457303066592398,311.14739337265866
4000,80,winter,0.5,0.125,240.903,58486.149999999994,0.8456975093094418,311.14739337265866
4000,80,winter,0.75,0.1875,240.903,58486.149999999994,0.8456647119596435,311.14739337265866
4000,80,winter,1.0,0.25,240.903,58486.149999999994,0.8456319146098455,311.14739337265866
5000,80,winter,0.0,0.0,234.396,50646.99,0.7527336893467408,306.9164462572835
5000,80,winter,0.25,0.03,234.396,50646.99,0.7527196444185735,306.9164462572835
5000,80,winter,0.5,0.06,234.396,50646.99,0.7527055994904065,306.9164462572835
5000,80,winter,0.75,0.09,234.396,50646.99,0.7526915545622394,306.9164462572835
5000,80,winter,1.0,0.12,234.396,50646.99,0.7526775096340721,306.9164462572835
6000,80,winter,0.0,0.0,227.892,43683.27,0.6677654899938326,302.6283449817614
6000,80,winter,0.25,0.0225,227.892,43683.27,0.6677568225329756,302.6283449817614
6000,80,winter,0.5,0.045,227.892,43683.27,0.6677481550721187,302.6283449817614
6000,80,winter,0.75,0.0675,227.892,43683.27,0.6677394876112618,302.6283449817614
6000,80,winter,1.0,0.09,227.892,43683.27,0.667730820150405,302.6283449817614
7000,80,winter,0.0,0.0,221.389,37517.8,0.590363141765612,298.27927729528915
7000,80,winter,0.25,0.0275,221.389,37517.8,0.5903527327006274,298.27927729528915
7000,80,winter,0.5,0.055,221.389,37517.8,0.5903423236356429,298.27927729528915
7000,80,winter,0.75,0.0825,221.389,37517.8,0.5903319145706583,298.27927729528915
7000,80,winter,1.0,0.11,221.389,37517.8,0.5903215055056736,298.27927729528915
8000,80,winter,0.0,0.0,214.94,32078.289999999997,0.5199144340800003,293.9027739712574
8000,80,winter,0.25,0.04,214.94,32078.289999999997,0.5199021810792273,293.9027739712574
8000,80,winter,0.5,0.08,214.94,32078.289999999997,0.5198899280784544,293.9027739712574
8000,80,winter,0.75,0.12,214.94,32078.289999999997,0.5198776750776815,293.9027739712574
8000,80,winter,1.0,0.16,214.94,32078.289999999997,0.5198654220769084,293.9027739712574
9000,80,winter,0.0,0.0,213.89,27354.59,0.44553070423213414,293.1840252094237
9000,80,winter,0.25,0.0525,213.89,27354.59,0.4455168519366346,293.1840252094237
9000,80,winter,0.5,0.105,213.89,27354.59,0.44550299964113504,293.1840252094237
9000,80,winter,0.75,0.1575,213.89,27354.59,0.4454891473456355,293.1840252094237
9000,80,winter,1.0,0.21,213.89,27354.59,0.44547529505013594,293.1840252094237
10000,80,winter,0.0,0.0,212.841,23309.379999999997,0.38151651401411657,292.46419712881095
10000,80,winter,0.25,0.07,212.841,23309.379999999997,0.38150104671701374,292.46419712881095
10000,80,winter,0.5,0.14,212.841,23309.379999999997,0.38148557941991085,292.46419712881095
10000,80,winter,0.75,0.21000000000000002,212.841,23309.379999999997,0.381470112122808,292.46419712881095
10000,80,winter,1.0,0.28,212.841,23309.379999999997,0.3814546448257051,292.46419712881095
0,80,summer,0.0,0.0,276.65,101200.0,1.274347137936491,333.4343974907208
0,80,summer,0.25,1.31,276.65,101200.0,1.2733416062681897,333.4343974907208
0,80,summer,0.5,2.62,276.65,101200.0,1.2723360745998888,333.4343974907208
0,80,summer,0.75,3.93,276.65,101200.0,1.2713305429315875,333.4343974907208
0,80,summer,1.0,5.24,276.65,101200.0,1.2703250112632865,333.4343974907208
1000,80,summer,0.0,0.0,272.541,89335.62,1.1419069617124082,330.9489331334972
1000,80,summer,0.25,1.18,272.541,89335.62,1.141094032111601,330.9489331334972
1000,80,summer,0.5,2.36,272.541,89335.62,1.1402811025107937,330.9489331334972
1000,80,summer,0.75,3.54,272.541,89335.62,1.1394681729099867,330.9489331334972
1000,80,summer,1.0,4.72,272.541,89335.62,1.1386552433091794,330.9489331334972
2000,80,summer,0.0,0.0,268.433,78716.07,1.021563595834467,328.4452726537558
2000,80,summer,0.25,0.8775,268.433,78716.07,1.0210215249481231,328.4452726537558
2000,80,summer,0.5,1.755,268.433,78716.07,1.0204794540617794,328.4452726537558
2000,80,summer,0.75,2.6325,268.433,78716.07,1.0199373831754353,328.4452726537558
2000,80,summer,1.0,3.51,268.433,78716.07,1.0193953122890913,328.4452726537558
3000,80,summer,0.0,0.0,264.326,69226.45999999999,0.9123682212073452,325.9229967173228
3000,80,summer,0.25,0.5575,264.326,69226.45999999999,0.9120593470914043,325.9229967173228
3000,80,summer,0.5,1.115,264.326,69226.45999999999,0.9117504729754635,325.9229967173228
3000,80,summer,0.75,1.6724999999999999,264.326,69226.45999999999,0.9114415988595226,325.9229967173228
3000,80,summer,1.0,2.23,264.326,69226.45999999999,0.9111327247435816,325.9229967173228
4000,80,summer,0.0,0.0,260.204,60761.030000000006,0.8134840997941571,323.3717277944997
4000,80,summer,0.25,0.385,260.204,60761.030000000006,0.8132943212944415,323.3717277944997
4000,80,summer,0.5,0.77,260.204,60761.030000000006,0.8131045427947257,323.3717277944997
4000,80,summer,0.75,1.155,260.204,60761.030000000006,0.81291476429501,323.3717277944997
4000,80,summer,1.0,1.54,260.204,60761.030000000006,0.8127249857952942,323.3717277944997
5000,80,summer,0.0,0.0,253.792,53190.28,0.7301166597499649,319.362579157922
5000,80,summer,0.25,0.2675,253.792,53190.28,0.729998618667731,319.362579157922
5000,80,summer,0.5,0.535,253.792,53190.28,0.7298805775854972,319.362579157922
5000,80,summer,0.75,0.8025,253.792,53190.28,0.7297625365032634,319.362579157922
5000,80,summer,1.0,1.07,253.792,53190.28,0.7296444954210296,319.362579157922
6000,80,summer,0.0,0.0,247.393,46406.689999999995,0.6534781876945571,315.3107419048707
6000,80,summer,0.25,0.1775,247.393,46406.689999999995,0.6534076602446772,315.3107419048707
6000,80,summer,0.5,0.355,247.393,46406.689999999995,0.6533371327947972,315.3107419048707
6000,80,summer,0.75,0.5325,247.393,46406.689999999995,0.6532666053449173,315.3107419048707
6000,80,summer,1.0,0.71,247.393,46406.689999999995,0.6531960778950374,315.3107419048707
7000,80,summer,0.0,0.0,240.99,40345.39,0.5832205340141764,311.2035723734546
7000,80,summer,0.25,0.12,240.99,40345.39,0.583178186064277,311.2035723734546
7000,80,summer,0.5,0.24,240.99,40345.39,0.5831358381143774,311.2035723734546
7000,80,summer,0.75,0.36,240.99,40345.39,0.5830934901644781,311.2035723734546
7000,80,summer,1.0,0.48,240.99,40345.39,0.5830511422145785,311.2035723734546
8000,80,summer,0.0,0.0,234.59,34945.42,0.5189418302509574,307.0434310940392
8000,80,summer,0.25,0.085,234.59,34945.42,0.518915166955561,307.0434310940392
8000,80,summer,0.5,0.17,234.59,34945.42,0.5188885036601644,307.0434310940392
8000,80,summer,0.75,0.255,234.59,34945.42,0.5188618403647679,307.0434310940392
8000,80,summer,1.0,0.34,234.59,34945.42,0.5188351770693714,307.0434310940392
9000,80,summer,0.0,0.0,228.255,30149.51,0.4601483494023148,302.8692713383119
9000,80,summer,0.25,0.0575,228.255,30149.51,0.4601324843282488,302.8692713383119
9000,80,summer,0.5,0.115,228.255,30149.51,0.4601166192541828,302.8692713383119
9000,80,summer,0.75,0.17250000000000001,228.255,30149.51,0.4601007541801168,302.8692713383119
9000,80,summer,1.0,0.23,228.255,30149.51,0.4600848891060508,302.8692713383119
10000,80,summer,0.0,0.0,228.754,25964.850000000002,0.39541672160540264,303.2001496483799
10000,80,summer,0.25,0.04,228.754,25964.850000000002,0.3954066476723223,303.2001496483799
10000,80,summer,0.5,0.08,228.754,25964.850000000002,0.3953965737392419,303.2001496483799
10000,80,summer,0.75,0.12,228.754,25964.850000000002,0.39538649980616153,303.2001496483799
10000,80,summer,1.0,0.16,228.754,25964.850000000002,0.39537642587308114,303.2001496483799
