train_time_s,MAE_T,RMSE_T,R2_T,MAE_P,RMSE_P,R2_P,MAE_rho,RMSE_rho,R2_rho,MAE_a,RMSE_a,R2_a,MAE_avg,RMSE_avg,R2_avg,overfit_ratio,time_1point_us,time_1000points_ms,model_size_kb,method,dataset
0.0,1.3864248502636102e-15,6.277305492110744e-15,1.0,6.089560584762294,9.458712949484188,0.9999998353055959,5.9165245517820755e-05,8.505086053240295e-05,0.9999999116996949,0.0004076543727697621,0.0007475606672527395,0.9999999967521941,1.5225068510951458,2.364886390252995,0.9999999359393712,,49.424999742768705,0.1593999972101301,11.755859375,Линейная интерполяция,1d
0.0,2.0103134361778113e-05,0.00010509535917587567,0.9999999999734395,0.0001972833619353279,0.0004126491737459615,0.9999999999999997,3.508842186182886e-08,1.7815444396426378e-07,0.9999999999996125,1.3692728342869864e-05,7.154128529765315e-05,0.9999999999702552,5.777857826545943e-05,0.00014736599316586365,0.9999999999858268,,6.121000042185187,0.047229998745024204,21.392578125,Кубический сплайн,1d
0.0,7.625336676449856e-15,1.719110909190061e-14,1.0,1.2781202007702788,2.459953868101144,0.9999999888604236,1.2169261537538798e-05,2.194529599259059e-05,0.9999999941212138,8.910135285138561e-05,0.00019757175208168565,0.9999999997731458,0.31955536784616884,0.6150433462873088,0.9999999956886958,,5.959999980404973,0.059559999499469995,21.3984375,PCHIP,1d
0.007866400061175227,7.053728678470534,8.010979770557245,0.8456734050992847,6832.048324053381,7458.997227530149,0.8975821527346302,0.061538413967352504,0.0666251789684709,0.9458146906875203,4.359150823146419,5.003072852742145,0.8545308740683498,1710.8806854922414,1868.019476333104,0.8859002806474462,0.9536582196327427,178.35000006016344,0.24488000199198726,0.8740234375,LinearRegression,1d
0.002441100077703595,3.183056326000797,3.5554008912513813,0.9696018847165618,5340.712832872221,6128.693248381912,0.9308566334811904,0.05430810442843734,0.06276854436882859,0.9519062220248442,1.864776143127484,2.09158431457827,0.9745757630196235,1336.4537433614446,1533.6007505330276,0.956735125810555,0.989748965132207,487.6539995893836,0.5909300001803786,1.47265625,PolynomialFeatures(5)+LR,1d
0.20436790003441274,0.06093660657035463,0.08566101129327429,0.9999823544216087,47.505577147591396,63.06069468633391,0.9999926796431393,0.0013242960361977232,0.0018163093779206007,0.9999597297403191,0.032503971002831915,0.03801021571802445,0.9999916035086652,11.900085505300193,15.796545555680783,0.999981591828433,0.7887484726433235,745.623999973759,5.561239999951795,433.857421875,MLP,1d
3.788465199933853,0.0006770422375240753,0.00324038094366917,0.9999999747499849,0.005286446481521835,0.021877353681502315,0.9999999999991189,1.2244931208485668e-06,5.650717725320601e-06,0.9999999996102268,0.00045855089402033536,0.002196473227948712,0.9999999719618726,0.0016058160265467734,0.00682996464271138,0.9999999865803009,0.2898739794487803,567.0139996800572,33.003130002180114,838.2744140625,GPR,1d
0.347977300058119,0.42808920657250493,0.6175475055371727,0.9990829136119573,516.5068612145079,641.7159004582392,0.999241945635706,0.006213782964805036,0.0073300751988270045,0.999344124150511,0.27279384107416216,0.39412728391880336,0.999097244430792,129.30348951127985,160.6837263307235,0.9991915569572416,140.98801610489883,786.5380001021549,11.330979998456314,1648.005859375,GradientBoosting,1d
0.47947690001456067,0.27775609756099584,0.46151451368445096,0.9994877992261192,321.0897086778017,469.7680482543839,0.9995937609194455,0.0038287509385145657,0.005331339351620401,0.9996530415779443,0.1770451001835701,0.29438422327069785,0.9994963530151612,80.3870846566212,117.63231958267268,0.9995577386846676,2.915511481168869,121101.36099974625,176.0245000012219,4563.369140625,RandomForest,1d
0.036031799972988665,0.22090053123224676,0.31321115574414493,0.9997640913051246,14747.376353462601,20666.947268808468,0.21373776887108809,0.007065479031463318,0.007627756162437026,0.9992897710309748,0.1371512851881107,0.20241202094245608,0.9997618943080077,3686.935367689513,5166.867629935329,0.8031383813787988,0.7886334667384851,475.66400025971234,35.99920999840833,11.6533203125,SVR,1d
0.0028031999827362597,2.7594176486056816,3.715659527981867,0.9663951741316968,151.92644648841036,321.0208869695162,0.9998111557858852,0.002005051711590689,0.004748153960431458,0.9997704430380185,1.8236163192779884,2.4693684355872723,0.96506326421486,39.127871377001405,81.80266577176144,0.9827600092926151,3698066.261862892,22.190999588929117,12.729889998445287,16.55078125,RBF-интерполяция,2d
0.0032393000437878072,19.272935005587026,21.848902305203087,-0.16195436258311835,15048.002553667762,18521.412493289597,0.3713841737731335,0.18915684805219807,0.23617737538040884,0.43204037041677534,12.49475475660428,14.190644647851654,-0.15375817218489995,3769.9898500695012,4639.422054404508,0.12192800235547263,1.0080682535973178,178.30499971751124,0.19230999751016498,0.9365234375,LinearRegression,2d
3.144076799915638,0.6419546618469277,0.9843147559229012,0.9976417067026093,191.65470704272272,431.5173587287458,0.9996587806555494,0.0031277597175554685,0.005993605570927173,0.9996342223191911,0.42728919042310837,0.6359346768389869,0.9976829492034461,48.18176966367758,108.28590044176967,0.998654414720199,0.7850214008387248,434.38700027763844,3.469439997570589,440.1015625,MLP,2d
3.5891171999974176,0.4967930739060527,0.7793657737841678,0.9985215301090337,26.75500137989805,79.26368739291374,0.9999884870757613,0.0013081976105249582,0.004636283958657523,0.9997811326709879,0.32760840599873303,0.5198525986061077,0.9984516434384134,6.89517776435334,20.141885512315667,0.9991856983235491,2.105032074820523,819.9530001729727,41.289039998082444,1104.2744140625,GPR,2d
0.3892635999363847,1.646724589833488,2.2400983789594586,0.9877858286357316,86.05757296845229,160.88622596176828,0.9999525676293568,0.0023766598583721665,0.005440668349398691,0.9996985985137913,1.1335747877930076,1.5466307746330485,0.9862948486693881,22.21006225148429,41.16959894592755,0.993432960862067,14.047822201840724,1028.4270002739504,13.951920002000406,1844.9072265625,GradientBoosting,2d
0.5962811000645161,2.786504215465675,3.4763482271199075,0.9705844907050148,466.6639558041611,1023.2450709442105,0.9980813470525554,0.005815660802828428,0.014309771776356164,0.9979149988544408,1.8263463364354604,2.2700174966445013,0.9704764246769519,117.82065550421628,257.2514366099378,0.9842643153222407,3.4084474916173697,145821.037000278,170.01870999811217,5391.0439453125,RandomForest,2d
0.034952899906784296,2.7429231238620337,4.026339843100085,0.9605405813361958,11254.325318725998,24696.58419517536,-0.11766302112930571,0.008320147708681214,0.013201131852313827,0.9982255522291807,1.7077394466885765,2.580386439679134,0.9618512737098989,2814.6960753610642,6175.801030647499,0.7007385965364924,0.7748045855373084,405.4719995474443,40.15462000388652,18.6015625,SVR,2d
0.006679399986751378,7.876877911027656,10.042921667575538,0.8308563920139239,222.87469272258804,380.34929397279075,0.9998237369000271,0.0036702089130126033,0.00900535161221509,0.9993839046730764,5.197442195536293,6.661608394134631,0.8220941102129455,58.98817075951625,99.26570734652827,0.9130395359499932,75863.89317418681,40.420000441372395,27.87928000325337,37.1796875,RBF-интерполяция,3d
0.0033286999678239226,20.306823170597667,23.610493167019538,0.06514219827749801,14529.09039862753,19785.874493005565,0.5230128549487071,0.18055781569596624,0.23801322821166299,0.5696232958315266,13.194276844092935,15.304099506484487,0.061038706293235045,3640.6930141144794,4956.25677472682,0.30470426383774163,0.9970439218227164,208.01400009077042,1.1119100032374263,1.1240234375,LinearRegression,3d
6.9457089000497945,0.6678950791729252,1.029205271450763,0.9982236054032615,331.72667885958066,902.5818266092084,0.9990074112591028,0.004725699767261348,0.011552731238620672,0.998986051479176,0.3502748946681117,0.5496042780566047,0.9987890329187787,83.18739363329725,226.04304722248858,0.9987515252650797,1.2456035701593198,454.3449997436255,4.097830003593117,458.8681640625,MLP,3d
13.176301300060004,0.5269522845255152,0.8874267308343724,0.998679311329748,49.3858272812405,132.57969460675153,0.999978583415868,0.0007941816361057927,0.0021844467030178558,0.9999637482086258,0.3394319188008037,0.5736999148809938,0.9986805233800995,12.563251416550731,33.510751424792474,0.9993255415835853,1.7867101562011545,667.9460004670545,65.63294000225142,3519.4814453125,GPR,3d
0.45470709999790415,2.2273390579855374,2.958814789773563,0.9853184806657738,73.38223137648566,156.5114634513511,0.9999701538388457,0.0017707511919972103,0.004449007732982635,0.9998496259533302,1.3795594924432142,1.8683011880840834,0.9860065143000076,19.247725169526603,40.33575710923542,0.9927861936894893,3.7813749303685285,853.357000160031,12.85193000221625,1909.462890625,GradientBoosting,3d
0.5504102999693714,3.067984302875416,3.718928015429551,0.9768062493499347,198.52091201444767,457.10074951636057,0.9997454224856256,0.004186378288119068,0.009945363870460758,0.9992485710544907,1.9975423710712013,2.46256779259107,0.9756886811857134,50.8976562666706,115.82304767206291,0.9878722310189411,1.6618232213977129,146470.60599992983,158.43183000106364,8912.3662109375,RandomForest,3d
0.13332969998009503,8.053187318873421,10.767685500228081,0.8055624392093014,13592.089450920896,30348.5034162803,-0.1222012133573509,0.008683450660837833,0.012320675255386762,0.9988467709142117,4.375506282962744,5.96137132579729,0.8575296546784363,3401.131706993348,7591.311198445394,0.6349344128611496,0.9588834752236438,447.5600004661828,75.5769399984274,58.2666015625,SVR,3d
0.009752599988132715,0.43632945083247265,1.8299083210376486,0.9936981419666316,62.466650171762524,261.6209817596908,0.9998726725417584,0.0006789876248614568,0.0026472719686951194,0.9998918599585743,0.2806911501565332,1.1764949915981464,0.9934381697806053,15.796087440094098,66.1575080860738,0.9967252110618925,1331463.442799457,42.298000189475715,30.858110002009198,47.4765625,RBF-интерполяция,4d
0.0033373000333085656,2.989626409055204,3.9252608257188366,0.9710034057592636,3240.2763277017066,3702.7991118267855,0.974494301052207,0.03635799448522432,0.04162293137167582,0.973266566831887,1.8789796261095348,2.4918805655173304,0.9705626121543903,811.2953229328391,927.3144690373484,0.972331721449437,1.015965321304666,243.22199984453619,1.1143299983814359,1.1865234375,LinearRegression,4d
1.6339287000591867,0.44990612901070726,0.7071797917206556,0.9990588266204103,335.9566740912417,444.1731542023324,0.9996329869219738,0.004415599694787126,0.005568826845130614,0.9995214615504252,0.2533709286254207,0.41468340880940974,0.9991847737719477,84.16609168714315,111.3251465574269,0.9993495122161893,2.436841900232218,422.3780002212152,4.4340800028294325,465.125,MLP,4d
11.646104900049977,0.6082858139531501,0.9159637511584463,0.9984210567342832,6.216389356582747,9.78755299720339,0.999999821792827,0.0015207002106034863,0.0021443083865954914,0.9999290481215557,0.39030746527317495,0.598319957654936,0.9983028829256603,1.8041258340049187,2.8259952536008424,0.9991632023935815,16.233715334353597,696.3859999086708,69.59788000094704,5022.7939453125,GPR,4d
0.5340665999683551,0.38941755291281677,0.6369556804351593,0.9992364659990687,64.17148407030064,166.82245391082776,0.9999482290734106,0.0010416504859523182,0.001422702866902271,0.9999687667035824,0.22430194181245583,0.31721761461394615,0.9995229549278926,16.196561303877967,41.944512477185945,0.9996691041759885,3.7273929501122884,894.9119999306276,12.650600000051782,1951.5185546875,GradientBoosting,4d
0.5486394999315962,0.35738111111102755,0.6079458883989276,0.9993044316657053,146.07857676767802,374.8794470708585,0.9997385671310406,0.0020554086802489773,0.004339317079638401,0.9997094424391614,0.1971237077350624,0.3529845257551687,0.9994093147067733,36.65878424880109,93.96117920052306,0.9995404389856701,5.660719039815142,147855.67599989008,163.1920700019691,8450.4365234375,RandomForest,4d
0.20861199987120926,0.7026919061127187,1.2113111372088503,0.9972386505398202,17996.491594209983,21181.26790455459,0.1653952846263662,0.007403754431085446,0.009602060088439557,0.9985772838929416,0.4064137431004259,0.7526103505593458,0.997314747079986,4499.402025903408,5295.810357025611,0.7896314915347785,0.987623368065519,469.0859996480867,88.89542000251822,76.646484375,SVR,4d
