n_train,n_test,train_time_s,MAE_T,RMSE_T,R2_T,MaxErr_T,MAPE_T,MAE_P,RMSE_P,R2_P,MaxErr_P,MAPE_P,MAE_rho,RMSE_rho,R2_rho,MaxErr_rho,MAPE_rho,MAE_a,RMSE_a,R2_a,MaxErr_a,MAPE_a,MAE_avg,RMSE_avg,R2_avg,MaxErr_avg,MAPE_avg,time_1point_us,time_1000points_ms,model_size_kb,physics_hydro,physics_gas,physics_sound,physics_total,smoothness_T,method,step
2001,2000,0.0,8.86757334228605e-15,2.1078103847843474e-14,1.0,5.684341886080802e-14,3.3937768704933077e-15,0.006968634170073529,0.00784298853613105,0.999999999999916,0.01441089465515688,2.4394667864954862e-05,7.164979220015272e-08,7.499454939961558e-08,0.9999999999999476,1.1302398583712403e-07,2.0434248204246294e-05,3.676618242423046e-07,4.995402604804234e-07,0.9999999999999989,8.298240459225781e-07,1.16322064808538e-07,0.0017422683704247097,0.001960890767740502,0.9999999999999656,0.003602959375811371,1.1236309534350868e-05,27.818000002298504,0.12811333290301263,141.212890625,8.95117896608272e-07,5.687334829208587e-08,2.451451003828613e-09,9.544426959041864e-07,3.2500000001313643e-07,Линейная интерполяция,10
2001,2000,0.0,7.036456414837744e-06,0.00016907277766800382,0.9999999999480857,0.005151043594253224,3.2474233445980866e-06,3.3473995745225693e-07,8.039845618642082e-06,1.0,0.0002449455605528783,1.4792768515275266e-09,1.1819485743781721e-08,2.8400011648242184e-07,0.9999999999992493,8.662780147994376e-06,3.2482771412709958e-06,4.791701139623683e-06,0.00011513554169499287,0.9999999999413985,0.003507920581455437,1.6238170981927508e-06,3.0436792494143666e-06,7.31330412745303e-05,0.9999999999721834,0.0022281431291023834,2.03024921522834e-06,3.8234000094234943,0.03307666629552841,265.9111328125,9.096934938952853e-07,3.835972025517817e-11,3.2236333244793152e-12,9.09735077248865e-07,3.4890607653025816e-07,Кубический сплайн,10
2001,2000,0.0,4.062500009183622e-06,0.0001816805231713749,0.9999999999400546,0.0081249999999784,1.8748629943082953e-06,3.3644112636466163e-07,1.0580344423892405e-05,1.0,0.0003345929435454309,1.488274905228307e-09,6.823993543556006e-09,2.1700010751357616e-07,0.9999999999995617,7.546724650697723e-06,1.8754349264755331e-06,2.7664900052286614e-06,0.000123721191767244,0.9999999999323328,0.005532979900976898,9.375018272365173e-07,1.7930637835801253e-06,7.904976486750623e-05,0.9999999999679873,0.0035000298922878564,1.1723220057313933e-06,5.30860002618283,0.04884333369166901,265.9169921875,9.021001388706054e-07,1.328864644212181e-08,1.1287667606683782e-12,9.153899140794879e-07,3.453125000130114e-07,PCHIP,10
2001,2000,0.0,0.15458998962697099,0.22191629445516153,0.9999105630156161,1.2336865562132004,0.0679300773075827,1.5627747695883527,1.9773053194687926,0.9999999946602254,5.706952254327916,0.007941796115664451,0.0002560024790221851,0.0003723969436227542,0.9999987091072522,0.002044402010243085,0.09256979792918014,0.10529215233700938,0.15112429432060157,0.9998990378662379,0.8400951602937994,0.03478480174822596,0.4557282285078388,0.5876795762970446,0.9999520761623328,1.94569459321129,0.050806618275163314,116.80959997465834,0.2474633336532861,0.6494140625,0.0004265664814455775,0.00025940178508087296,2.3045708785892964e-05,0.0007090139753123435,1.3871094272687403e-06,Полином 15-й степени,10
2001,2000,0.0,7.983347197178229,9.241564033249153,0.8448936002153995,17.667121787310208,3.4391514841170716,6929.0584224727545,8092.472708367751,0.9105587329675904,21238.979809474928,39.25862477701655,0.06293804242161487,0.07326196638101452,0.9500385438805908,0.18254167095897578,23.812983546633866,5.014706989205003,5.819738782426035,0.850274099958449,11.270352739944713,1.641607659828059,1735.5298536753896,2026.9018182874518,0.8889412442555074,5317.024956418286,17.038091866898885,39.823199971579015,0.07194333302322775,0.4814453125,0.5636913016019145,0.049626571525160444,0.001932075069221255,0.6152499481962962,5.791276746353045e-17,Линейная регрессия,10
2001,2000,0.0,3.134059632268282,3.984956732903388,0.9711606157095657,13.91542478076019,1.2915376605031201,5261.785543253139,6723.63064329894,0.938257650520438,24601.285708749245,22.547389387338715,0.05357704860694955,0.06840171376551986,0.9564476181969205,0.2473482001553743,14.761309510820148,1.8665168927074542,2.364302391877723,0.9752886773157567,8.21257759777825,0.597390293353017,1316.7099242066802,1682.5120760343718,0.9602886404356702,6155.915264831984,9.79940671300375,83.1377999857068,0.09090000045641015,0.6376953125,0.7565008411085375,0.026459757827735075,0.0011289522285608472,0.7840895511648335,1.816552095372259e-06,Полиномиальная регрессия (5),10
2001,2000,7.688318899978185,25.575928778252145,32.282167931165844,-0.8926231509217626,103.28635906183493,11.087198896584333,81.9449642413253,159.47137917700442,0.9999652671071623,1001.0318185288925,0.49666573583519974,0.7248466865000065,0.8743345624744574,-6.115955735191638,2.657851605141505,225.0590453872489,34.502079102416275,43.78515841796968,-7.475079862923131,141.90923406955648,11.329801121444422,35.68695470212343,59.1032600221536,-3.370923370482342,312.22131581635637,61.99317778527821,114.31659996742383,0.4068699995211015,112.15234375,1.040803172548042,1.4227776386522988,0.10710299595751381,2.5706838071578546,6.1439830543828755e-06,"MLP (50,25)",10
2001,2000,0.14195889999973588,0.01071036120048106,0.01492840531728008,0.9999995952698114,0.0373912499998994,0.004268488439651749,14.206661764439868,17.8886167860713,0.999999562952161,56.343958556477446,0.04228587284020667,0.00016756412168463382,0.00019782240480205538,0.9999996357253924,0.0005623305567150627,0.03800454562476452,0.006770425965519934,0.009441903049432888,0.9999996058976522,0.02535030499768709,0.002133867446057411,3.556077528931888,4.478296229210704,0.9999995999612542,14.101815610507938,0.021673193587670087,26586.02059999248,31.049090000063494,16061.5849609375,0.05090857518240956,1.5140738583212442e-07,6.916417052592299e-09,0.05090873350621244,1.4532788343260349e-05,Случайный лес,10
2001,2000,8.367167099990183,10.486294283752443,12.537726760902327,0.7145195549306476,24.315652465820307,4.615086227264198,202.65583461653384,363.01131996585065,0.9998200235040303,3360.011209486969,1.3054982988724833,0.018202232784847245,0.02100231221627197,0.9958940640937393,0.034322218640712554,4.823596193768824,6.840908264368315,8.236602700385621,0.7000932886975358,16.021748269408874,2.265401984237013,55.000309849359866,95.95166293483872,0.8525817328064882,850.0957331102097,3.2523956760356296,148.87920004548505,0.49042666602569324,38.029296875,0.0891467034816742,0.002166272606700659,0.0007829280802980065,0.09209590405225754,3.107260511114873e-07,PINN,10
801,3200,0.0,1.4122036873231992e-15,6.3353960300556655e-15,1.0,2.842170943040401e-14,6.096172563624788e-16,0.034843167910431135,0.0399915417578126,0.9999999999978157,0.08642303728265688,0.00012197337869088764,3.5824892778443895e-07,3.823985534218528e-07,0.9999999999986389,6.774315738922176e-07,0.00010217127404075764,1.8383090762341681e-06,2.5471653864815712e-06,0.9999999999999714,4.977451567356184e-06,5.816102964695984e-07,0.008711341117109143,0.00999861783043971,0.9999999999991065,0.021607173041456637,5.6181565757181124e-05,18.79719999851659,0.08826333408554396,56.8291015625,0.0003396327555364524,2.843665450138333e-07,1.225725475420168e-08,0.0003399293793362204,2.4826388917920517e-07,Линейная интерполяция,25
801,3200,0.0,3.518228203693852e-05,0.000557683936593303,0.9999999994351733,0.013790003700989928,1.623425211308206e-05,4.186083832280474e-06,6.62978501976785e-05,1.0,0.0016393715632148087,1.850246693298892e-08,5.9097459583937023e-08,9.367734757180666e-07,0.9999999999918314,2.3232802870920555e-05,1.624450293193645e-05,2.3958505680212737e-05,0.000379772801601038,0.9999999993624153,0.00939176285692156,8.118368937803008e-06,1.5846492252253916e-05,0.0002511728404669344,0.999999999697355,0.006211092730999304,1.0153906612438627e-05,3.0442000133916736,0.026963332978387673,106.5361328125,4.056951158671094e-07,4.6330660536359525e-10,3.8937385171786026e-11,4.0619735985764476e-07,5.397857407254891e-07,Кубический сплайн,25
801,3200,0.0,2.0312500005630342e-05,0.000625149982004053,0.9999999992902466,0.023400000000009413,9.372796858090783e-06,1.246989359572126e-05,9.167500201372598e-05,1.0,0.0024143052578438073,4.792509444390716e-08,3.419664950011017e-08,7.467728236779755e-07,0.9999999999948089,2.1757569995450865e-05,9.401958532836173e-06,1.3832559165347646e-05,0.0004257159825146541,0.99999999919882,0.015934982397993736,4.687164184418051e-06,1.1662287354049841e-05,0.00028582193483902776,0.9999999996209689,0.010442761306460602,5.877461167447229e-06,3.0039999983273447,0.027106667403131723,106.5419921875,5.509308198884852e-07,6.656635800926038e-08,1.2228678598259484e-11,6.175094065763438e-07,4.297222226190985e-07,PCHIP,25
801,3200,0.0,0.1545763722680564,0.2219503191546037,0.9999105355409651,1.2344040635381077,0.06793262736586052,1.5632024550588506,1.9778868413918727,0.9999999946570803,5.713995183064981,0.007934754531519246,0.0002559726889807402,0.0003724579386428922,0.999998708683664,0.002045589700691075,0.09246143111562857,0.10528324591168704,0.1511474026450713,0.9998990069372353,0.8405819702570625,0.034784183077621336,0.4558295114818937,0.5878392552825477,0.9999520614547361,1.9477567016402104,0.050778249022657415,76.97940000798553,0.11197666657002023,0.6494140625,0.00041873155910762797,0.0002587984256259384,2.2993664160067185e-05,0.0007005236488936336,1.373706888650185e-06,Полином 15-й степени,25
801,3200,0.0,7.983477003724878,9.241575818809265,0.8448931227858572,17.65147409916483,3.4393219814580904,6931.416988782058,8092.493475512847,0.9105582114011076,21218.219004733255,39.26024960847944,0.06296084297394552,0.07326215269543877,0.9500382633737886,0.18238175446576044,23.812067642641853,5.014730973422296,5.819745859983928,0.8502736608815802,11.259799359879935,1.6416400572138108,1736.1195394005447,2026.907014836084,0.8889408146105834,5311.828164986691,17.038319822448297,27.30000001611188,0.03829666723807652,0.4814453125,0.5636004368967924,0.04964288347957367,0.0019331613718286495,0.6151764817481947,3.5191742403485e-16,Линейная регрессия,25
801,3200,0.0,3.1377513654321216,3.985049060009994,0.9711592641258087,13.90146040670112,1.2931393826012183,5265.868146680049,6723.723319193598,0.9382559052900573,24572.450858314594,22.541153580326323,0.05361639594219993,0.06840261236882264,0.9564464508763182,0.2470567160735,14.757732755914422,1.868796187956898,2.3643596893177055,0.9752874672102251,8.204483560522704,0.5981389421588625,1317.7320776573451,1682.535282638824,0.9602872718756023,6148.700964749473,9.797541165250207,71.89640001161024,0.08890999985548358,0.6376953125,0.75598039691294,0.026472113400059928,0.001129482031851442,0.7835819923448514,1.8160445397953463e-06,Полиномиальная регрессия (5),25
801,3200,1.2658686000213493,58.790165950294394,73.28897040596397,-8.75475202470612,183.23165610047846,25.970805865191064,5485.925904763236,6635.221523546607,0.9398706356041862,20429.341044324872,25.15164053339624,0.35690680662655466,0.48967315488061286,-1.2319823993473067,1.281238647360452,72.6375990078177,82.81215588078696,102.15283582314997,-45.13080366780112,245.59992340704832,27.359804575623727,1406.9712833502358,1702.7882507326506,-13.54441686406259,5214.863465619939,37.77996249550718,117.80980002367869,0.3898033338676517,78.34375,1.9082612810670703,0.7542943856808829,0.24075691990274822,2.9033125866507015,2.658471159131423e-05,"MLP (50,25)",25
801,3200,0.10111790001974441,0.0116461380209116,0.019350923626847802,0.9999993199475802,0.06825000000000614,0.004641612417606194,15.655865684107482,23.38178778767426,0.9999992533257256,117.98383763460151,0.04765668571079611,0.00018551478822635033,0.0002583728339168125,0.9999993785991086,0.0011599157272805805,0.043027051733533356,0.00736329593188696,0.012235793579328653,0.9999993381578085,0.04319019535881807,0.002320821740482182,3.9187651582121266,5.853408219428588,0.9999993225075556,29.524109436421906,0.02441154290060446,25426.55159998685,29.881109999647986,8940.8974609375,0.5936747393780494,7.302213379143478e-07,3.1113499728207035e-08,0.5936755007128871,0.0004973078530094054,Случайный лес,25
801,3200,5.602255000005243,10.601906545066836,12.728477834953573,0.7057666247292396,24.469766235351557,4.688132179595653,283.8487090901378,487.711409732901,0.9996751359972531,3779.644021986969,1.4918112762717242,0.017626854476982298,0.021299765089242452,0.9957769346506269,0.040123777135280425,5.246707413046418,6.946078304920591,8.390092854031563,0.6888113845123749,16.21800681433075,2.30522598914817,75.35358019865055,127.21282004674384,0.8475075199723736,955.0929797034466,3.4329692145154915,118.92699997406453,0.4348533334753787,38.029296875,0.10702089220285416,0.008880572393536568,0.00016924896044656634,0.1160707101225853,2.5484877141934703e-07,PINN,25
401,3600,0.0,4.705371894589108e-15,1.491951758985846e-14,1.0,5.684341886080802e-14,1.832802577304445e-15,0.12775824386008608,0.1509306664534177,0.9999999999688878,0.35974343746784143,0.000447236237394618,1.3135789671773378e-06,1.4431965663712863e-06,0.9999999999806122,2.8167058973571635e-06,0.0003746284372360882,6.740466068543406e-06,9.613173555965353e-06,0.9999999999995914,2.072695031074545e-05,2.1325707399339686e-06,0.03194157447628163,0.037735430705888744,0.9999999999872728,0.0899417452810266,0.00020599931134311826,22.062000003643334,0.06530333387975892,28.7041015625,0.0010779793535980408,1.0426747596007626e-06,4.4943267522334345e-08,0.0010790669716251638,2.206790125971507e-07,Линейная интерполяция,50
401,3600,0.0,0.0001290017007770356,0.001489248716811938,0.9999999959721448,0.027580007401951434,5.950770461987435e-05,3.0721812993053595e-05,0.00035407785089543376,0.9999999999999998,0.0065574153886700515,1.358415889558079e-07,2.1669107373300846e-07,2.501609186859732e-06,0.9999999999417472,4.6603703127756635e-05,5.958437465223424e-05,8.784785464390172e-05,0.001014151798653408,0.9999999954532983,0.018785559021125664,2.976287610178136e-05,6.194701487193098e-05,0.0007149949938869099,0.9999999978417975,0.013242396378718727,3.724769924071144e-05,2.974199946038425,0.030876666035813592,53.40234375,7.420135542159977e-07,3.3797915209647868e-09,2.8409409764459257e-10,7.456774398346071e-07,6.104474454012296e-07,Кубический сплайн,50
401,3600,0.0,7.447916667384252e-05,0.0016713291554427425,0.9999999949270176,0.047775000000001455,3.435682559548141e-05,9.214621997039609e-05,0.0004939080016317675,0.9999999999999997,0.009910603737807833,3.544339563450626e-07,1.2567408370082328e-07,1.99688806483823e-06,0.9999999999628819,4.450046133308572e-05,3.45720705470311e-05,5.071980219928681e-05,0.0011381454208667918,0.9999999942735426,0.03253392358629981,1.7183876548333495e-05,5.4367715731806555e-05,0.0008263448665015349,0.9999999972908604,0.022566006946360545,2.1616801661797767e-05,3.070599981583655,0.02491000050213188,53.408203125,1.7462151859794782e-06,2.4464930746353776e-07,8.730300498475144e-11,1.990951796448001e-06,4.927160496660045e-07,PCHIP,50
401,3600,0.0,0.15463076431965073,0.22207126313930198,0.9999104379346652,1.2351724243564774,0.06796704223089596,1.5645019716952717,1.97972171722251,0.9999999946471563,5.725331649849977,0.007929490830710798,0.0002560665658020545,0.0003726730197942105,0.9999987071907172,0.002046853776222435,0.09238451301456561,0.10531899779957507,0.1512295491468592,0.999898897046468,0.8411031103170785,0.03479885282297708,0.45617695009507486,0.5883488006321164,0.9999520092047516,1.9509135095749388,0.050769974724787365,78.88500002445653,0.11277666684084882,0.6494140625,0.0004080070509066224,0.0002582095030792714,2.294219889198078e-05,0.0006891587528778746,1.3417711785308411e-06,Полином 15-й степени,50
401,3600,0.0,7.983701308361033,9.24163120083877,0.8448911273894848,17.62546255164503,3.4396094438441263,6935.366116766211,8092.5833948933005,0.9105561195440331,21183.631337935236,39.2629835106051,0.06299904033235718,0.07326295626729247,0.950037123378627,0.18211522559326077,23.810575383122355,5.014781654441534,5.819779685579831,0.8502717955518778,11.242258870577018,1.6416975763408428,1737.1068996923364,2026.9295171839967,0.8889390414660057,5303.170293645763,17.038716478478108,27.68400002969429,0.03713666713641336,0.4814453125,0.5634491379852974,0.04967025490411344,0.0019349830793354708,0.6150543759687463,3.227494091212132e-16,Линейная регрессия,50
401,3600,0.0,3.1439436501007747,3.985408858546761,0.9711540306363527,13.878078115067126,1.2958281419547129,5272.778450463404,6724.092162319034,0.9382490589847854,24524.317076149615,22.53224699276759,0.05368332188248402,0.06840619030409255,0.9564418561006189,0.2465702774266627,14.75286258143422,1.8726247881920859,2.3645832111856397,0.9752827738328125,8.190924633736813,0.5993973526742618,1319.4621755558946,1682.6276401447678,0.9602819298886424,6136.658162293962,9.795083767207695,70.7467999891378,0.12255000086346021,0.6376953125,0.7551305972092405,0.02649399714760148,0.0011304078507398273,0.7827550022075818,1.8131561744152832e-06,Полиномиальная регрессия (5),50
401,3600,0.9374196999997366,67.57766057188331,80.58810191374452,-10.794545994243885,176.21305964323045,29.45482248912647,5922.68964303901,7126.014483218459,0.9306462950054342,21152.708003370804,24.78268324830389,7.63857207706899,9.62627395913638,-861.5712752249927,18.154595762172242,1399.8008250087046,96.3523540776501,113.31111577925834,-55.75910780828581,235.8616541200876,31.588275423246664,1523.564557441403,1832.3849937176494,-231.79857068312924,5395.734328224073,371.4066515423454,110.87540001608431,0.41224000063569594,84.578125,1.0490678339007913,16.412475007118324,0.2744916950291834,17.7360345360483,1.0907428423584936e-05,"MLP (50,25)",50
401,3600,0.09399850000045262,0.025155902777858244,0.041652546565808996,0.9999968491879951,0.16249999999979536,0.010051323463525835,33.47895577905976,49.53231486688091,0.999996649161356,257.29027798173774,0.1019892011095001,0.0003971286222609083,0.0005495566996806015,0.999997188723448,0.0025613051501287565,0.09194319734092254,0.015922538819491794,0.026397677120392777,0.9999969194947511,0.10777541168073412,0.005024952172922489,8.380107837319843,12.400228661816698,0.9999969016418875,64.3907786746421,0.05225216852171774,26490.347800019663,36.66866666656764,4736.751953125,1.0769526350963858,2.9895523288694522e-06,1.2919886057440617e-07,1.0769557538475751,0.0006014646604938981,Случайный лес,50
401,3600,0.01571819998207502,20.678302794144862,23.46554189288855,-1.2666791255888654e-06,51.76468851545317,8.578938717145066,22887.153275886212,27059.02316699403,-1.1382947229243712e-06,65907.58813198633,129.8032257274579,0.28040972048161716,0.3277635978198836,1.579613118085632e-08,0.7352895402164907,105.81379387055702,13.320793142151645,15.040246661552867,-1.0260466771772059e-06,32.44874247652086,4.274716892693908,5730.358195385748,6774.4641797865725,-8.538060986273965e-07,16498.13421312963,62.117668801963475,76.27839996712282,13.348366667438919,1290.654296875,0.9999937942470096,0.06144340610856061,0.0023973649077026677,1.063834565263273,4.77333880748729e-07,Гауссовский процесс,50
401,3600,5.2515824000001885,12.468234936862526,14.81767145175906,0.6012512850545577,27.266503906249994,5.507666500706343,257.0162781320775,458.66631583627634,0.9997126772864414,3624.511209486969,1.4005835836424732,0.02066658420317262,0.024976312147292443,0.994193222522191,0.04449443416539972,6.030421147597589,8.131699348377786,9.707532530508814,0.5834105789793893,18.00059958776825,2.6978933451457854,69.40921975038025,120.80412403267289,0.7946419409606449,917.4557018537881,3.9091411442730477,147.4158000200987,0.45888666645623744,38.029296875,0.11407925933599472,0.009706546552479267,0.00032057843054644763,0.12410638481378555,1.6679649661455187e-07,PINN,50
201,3800,0.0,4.824211205950154e-15,1.4587317495482725e-14,1.0,5.684341886080802e-14,1.902564513874465e-15,0.4878036161377311,0.5876459503115322,0.999999999528362,1.4363326430611778,0.0017076371435562365,5.015476689852855e-06,5.619055998279719e-06,0.9999999997060957,1.1222538426114426e-05,0.0014304060918472813,2.5736316658971623e-05,3.742882785340309e-05,0.999999999993807,8.28147236688892e-05,8.142537518409554e-06,0.12195859198277119,0.1469222495488496,0.9999999998070661,0.3591066700808324,0.0007865464432309574,15.14039997709915,0.08726666662065934,14.638671875,0.0025526659429729753,3.981082527177175e-06,1.7160157006720373e-07,0.0025568186270702197,2.090643276829125e-07,Линейная интерполяция,100
201,3800,0.0,0.0004925519484097893,0.004100250159170554,0.9999999694676068,0.055160014803874446,0.00022707451268133655,0.00023496888772857154,0.0019495430742930745,0.9999999999999948,0.026228532638924662,1.039932208569382e-06,8.2737146870227e-07,6.887881265310693e-06,0.999999999558378,9.375973204356347e-05,0.00022769136381290135,0.0003354190882464835,0.002792197379466462,0.9999999655345874,0.037579251205670516,0.00011360581456491742,0.0002659418239633867,0.0022122196235488502,0.9999999836401418,0.029765389595128297,0.00014235290581693117,4.527999961283058,0.041079999452146396,26.837890625,2.2544996958175994e-06,2.576391031496524e-08,2.1663118360175105e-09,2.282429917968582e-06,6.324633611585159e-07,Кубический сплайн,100
201,3800,0.0,0.0002843750000084586,0.004601899870909816,0.9999999615395405,0.09611875000004488,0.00013110241537959587,0.0007151359504661358,0.002760761659179969,0.9999999999999896,0.040054380860965466,2.7539220623942568e-06,4.820973400781733e-07,5.5005097322659085e-06,0.999999999718366,8.98468282881093e-05,0.0001327851869362263,0.00019366082817845454,0.003133812922216199,0.9999999565852419,0.06545517149356783,6.559268234901365e-05,0.0002984134689982818,0.0026254937405095625,0.9999999794607846,0.05042953729571657,8.305855168180751e-05,4.467200022190809,0.04187666636426002,26.84375,7.227130883161149e-06,9.386255860312872e-07,6.637277759007561e-10,8.166420196968337e-06,5.186695908285928e-07,PCHIP,100
201,3800,0.0,0.15500939524382507,0.22242640496753183,0.9999101510879009,1.2351111856326042,0.0681431050007911,1.5682227465066725,1.9850910358159237,0.9999999946180689,5.743529552459222,0.007931569704800401,0.00025667162568774324,0.00037330530326074143,0.9999987027979069,0.002046710603254509,0.09253650049369663,0.1055770142360588,0.15147081067342738,0.9998985740342108,0.8410579897142156,0.03488673419329,0.457266456903061,0.5898403891900359,0.9999518556345218,1.955436359602324,0.050874477348144535,76.01180003257468,0.15226666582748294,0.6494140625,0.00039231011266991505,0.00025830840945469764,2.2941749848498218e-05,0.0006735602719731109,1.2910873938588649e-06,Полином 15-й степени,100
201,3800,0.0,7.984253869299937,9.241874738657895,0.844882679586532,17.573692533618356,3.4402288063185495,6943.354514945322,8092.9705732964585,0.9105473523068235,21114.507360422474,39.268670405856625,0.06307643880937265,0.07326641428087048,0.9500323187931824,0.1815821646259972,23.8078327402922,5.014935197221383,5.81992909303453,0.850263858003951,11.207358503669525,1.641829527145211,1739.1041951126633,2027.026410885608,0.8889315521726222,5285.867498406097,17.039640369903147,30.18619999056682,0.05253000029673179,0.4814453125,0.5631467410798648,0.049725816157458226,0.0019386655877000353,0.6148112228250231,1.627712279312128e-16,Линейная регрессия,100
201,3800,0.0,3.1565720216001854,3.98687147499473,0.9711328034637476,13.830907865858762,1.3013219938108813,5287.090412162184,6725.612446199898,0.9382209887398368,24427.76440079471,22.52172942105743,0.05382088547745296,0.06842094321937765,0.956422989296365,0.2455950122655728,14.747290891380334,1.8803942429581197,2.3654918728060803,0.9752637322703146,8.163548904516176,0.601953184687193,1323.0452998280552,1683.0083076227295,0.960260128442566,6112.501113144337,9.79307387273396,70.25739998789504,0.08651000001312545,0.6376953125,0.7535031130193257,0.02654310366264352,0.0011324615462736662,0.7811786782282429,1.8071673614665003e-06,Полиномиальная регрессия (5),100
201,3800,0.6049419000046328,90.07209554182292,101.73073254683824,-17.79509311283501,167.03672533482495,39.342583574506044,6087.365988539443,7642.088659677542,0.9202370108688439,25097.798659521824,24.616350009923536,0.218363374802415,0.3039264143810045,0.1401628319951932,0.9019709560451287,52.03292594049316,131.9574330483521,148.70834529241966,-96.76016695667764,232.96271686514098,43.445323802826515,1577.403470126105,1973.2079159827952,-28.37371505666215,6374.675018169459,39.85929583193732,110.97939999308437,0.43126666666163754,86.619140625,0.6274862929427748,0.2822666391552261,0.3645756003252466,1.2743285324232474,4.350895333769733e-06,"MLP (50,25)",100
201,3800,0.08792510000057518,0.049610394736916696,0.08109885415180589,0.9999880554560109,0.3249999999997044,0.01982560214506347,66.25088850032002,96.3798089183816,0.9999873132787119,594.1984990623023,0.20401413382881853,0.0007873292564036272,0.0010706136133842737,0.9999893304809259,0.005831699234544407,0.1842621827177835,0.03140560564366988,0.051419391585194374,0.9999883118676831,0.2064560980086867,0.009911986125281064,16.58317295748925,24.128349444432995,0.999988252770833,148.6839467148863,0.10450347620423663,25936.523800017312,31.019076666173834,2401.44921875,1.3515728839023267,1.142107023603486e-05,4.890907111587476e-07,1.351584794063274,0.0005674423976608432,Случайный лес,100
201,3800,0.006008899974403903,20.686413958681715,23.465633691931945,-1.0849279977298565e-05,51.724769804646826,8.58381979069521,22895.98412050788,27059.116890733323,-1.039537649449862e-05,65862.35894731167,129.99420380794194,0.2804686417168012,0.32776425942706383,-5.781971852192314e-06,0.7348695645847951,105.9166519079681,13.325546649564886,15.040300750486775,-9.886228089062143e-06,32.42424393839184,4.276601400194717,5732.569137439462,6774.487647358792,-9.22821410326291e-06,16486.810707654822,62.19281922669999,57.5663999770768,6.8271066673332825,335.9619140625,0.9999941259093138,0.061679184369447144,0.0024071037495006073,1.0640804140282616,2.2697932268040684e-07,Гауссовский процесс,100
201,3800,4.955552600004012,12.431306462177476,14.33552513979414,0.6267779007089568,26.040383911132807,5.48839804160637,217.8785472768061,364.22814007586993,0.9998188141534755,2978.206521986969,1.3542043547165912,0.020245605347670156,0.024004942944707498,0.9946360999388741,0.04175456021633511,5.536698719166368,8.139098085852682,9.434634100508642,0.6065030451976485,17.212361062377624,2.6989276360574035,59.61729935754598,97.00557606477935,0.8069339649997387,755.3752553801739,3.7695571878866834,111.97540001012385,0.4086966674852495,38.029296875,0.09251530468463898,0.0074614956974983215,0.00014931765326764435,0.10012611746788025,2.506057512619009e-07,PINN,100
101,3900,0.0,4.831690603168682e-15,1.4838312863387735e-14,1.0,5.684341886080802e-14,1.899676234974686e-15,1.904747798235962,2.3202262151329993,0.9999999926474166,5.724248762751813,0.006668039443407127,1.958413861407208e-05,2.218586692768225e-05,0.999999995418226,4.45383045429848e-05,0.005585498368911972,0.00010049405872781592,0.00014778336495047757,0.9999999999034519,0.0003305167045937196,3.1794587415596024e-05,0.4762169691083272,0.580099046091223,0.9999999969922736,1.4311559544402517,0.003071333099934148,14.889599988237023,0.08570666638358186,7.607421875,0.005471374543125496,1.5544565875535224e-05,6.700633201167975e-07,0.005487589172321148,2.037037038385215e-07,Линейная интерполяция,200
101,3900,0.0,0.0019232980842429233,0.011447674397737855,0.9999997620004136,0.11052248804418241,0.00088561003511926,0.0018406132437284656,0.010882147325813819,0.9999999999998382,0.10508817740264931,8.167178599453425e-06,3.230767504024579e-06,1.9234657323025477e-05,0.9999999965561062,0.00019007597999404213,0.0008909378390704616,0.0013097317720305222,0.0077956646771276525,0.9999997313424803,0.07532902405199593,0.00044333699261322557,0.001269218466876484,0.007536180264500588,0.9999998724747096,0.07278244136970542,0.0005570130113506001,3.2531999750062823,0.0316433336896201,13.556640625,8.417563702732842e-06,2.0095738756662885e-07,1.690593481273408e-08,8.635427025112205e-06,6.416523307976649e-07,Кубический сплайн,200
101,3900,0.0,0.0011104166666734362,0.012848312709678306,0.9999997001984584,0.1925015624999844,0.0005113121485340276,0.005614650409238843,0.015887073286139846,0.9999999999996553,0.16276587904940243,2.1720256497016354e-05,1.8996492746402555e-06,1.5369460166348543e-05,0.9999999978011375,0.0001812245951186564,0.0005246802354793705,0.0007562272051091832,0.008749485950255863,0.9999996615786318,0.1310902647853709,0.0002559795058157026,0.0018707984825740258,0.009375060351560091,0.9999998398944707,0.1216347327324691,0.00032842303658152925,2.956199983600527,0.029356666103315852,13.5625,2.962322619837228e-05,3.700479568435798e-06,5.188168706714042e-09,3.3328893935514794e-05,5.305092593771927e-07,PCHIP,200
101,3900,0.0,0.15647403681211994,0.223142857221594,0.9999095710174005,1.2285775218918786,0.06877133974948726,1.5784207661553447,1.996427429537115,0.9999999945563981,5.764070977635129,0.00797303183903753,0.00025908343363619305,0.0003745889263731066,0.9999986938570223,0.002035704686424722,0.09370831588453281,0.10657522128793372,0.15195755092899238,0.9998979207967338,0.8366045886980373,0.03521236526606276,0.46043227692225863,0.5929756066535187,0.9999515450568887,1.9578221982278674,0.051416263184780084,91.13660000730306,0.13870000063131252,0.6494140625,0.0003795116613464614,0.0002622794299167419,2.3249120627623915e-05,0.0006650402118908271,1.2422301635295737e-06,Полином 15-й степени,200
101,3900,0.0,7.985594282663567,9.242883308458198,0.8448482760598379,17.471152009318104,3.4415658547863783,6959.807670065215,8094.573698865622,0.9105114927504748,20976.465426336887,39.281451143446986,0.06323476046301911,0.07328074788281329,0.9500125898387173,0.1805160451189609,23.803251135984734,5.0153998746086295,5.820548369357201,0.8502314911088058,11.138271185807241,1.6421450837213747,1743.2179747457374,2027.4276028228298,0.888900962439459,5251.3138413942825,17.04210330448487,32.32580004259944,0.03907666638648759,0.4814453125,0.5625414635586171,0.04984026226215201,0.0019462061615370195,0.6143279319823062,3.058096644504592e-16,Линейная регрессия,200
101,3900,0.0,3.1826602327228137,3.992554976603595,0.9710503394794752,13.734947799331223,1.312709270845786,5317.267600258507,6731.626854235525,0.9381101586863618,24233.50794295757,22.52560782305682,0.05411284621877046,0.06847933982698771,0.9563484187411261,0.2436347845610226,14.751730904783525,1.8964752284210382,2.3690202286768747,0.9751898015025388,8.107768253846473,0.6072520674224414,1330.6002121414674,1684.5142271951581,0.9601746796023755,6063.898573448827,9.799325016527144,84.78119998471811,0.08842000000489256,0.6376953125,0.7505334540802118,0.02665991171358566,0.0011372449192463166,0.7783306107130437,1.795839644825455e-06,Полиномиальная регрессия (5),200
101,3900,0.585558899998432,53.93432198075461,66.13642969117112,-6.943705917627062,165.3309156655436,23.66677022400135,5801.284247923079,6915.607440842496,0.93468093395314,20521.72368591602,26.001095093856364,0.07655951954382585,0.10386394284302697,0.8995822558528762,0.28446600899471064,14.773695016982114,77.89388904389176,94.41777936100165,-38.409440078486796,226.31773265632202,25.687740952931215,1483.2972546168173,1769.066378459378,-10.87972070157696,5228.41420006172,22.532325321942764,112.72299999836832,0.4102366665999095,112.15234375,0.6783924094255156,0.15210830239728518,0.23507310109410262,1.0655738129169032,1.6762255156823465e-05,"MLP (50,25)",200
101,3900,0.09471770000527613,0.10064000000008742,0.16269708049011347,0.9999519270044457,0.6304999999998131,0.04024589865673811,133.43937727088704,193.9867851216244,0.9999486046779238,1141.3691474201187,0.41175454194718913,0.0015842475184550142,0.0021480902093746783,0.9999570477536311,0.011227807134210899,0.3721113614218116,0.06372686889168684,0.10312784112405154,0.9999529841217185,0.41005296951527725,0.02012012877583631,33.40133209682431,48.56368953336199,0.9999526408894297,285.60523204919195,0.2110579827003938,26326.37620001333,33.3938266664821,1216.1943359375,1.534392594709056,4.914400815391039e-05,2.1017931219575706e-06,1.5344438405103318,0.0005463777777777888,Случайный лес,200
101,3900,0.0027934999961871654,20.702587627207038,23.46600124546365,-4.569379501284665e-05,51.64552523517989,8.59353994299594,22913.81770430004,27059.51323478473,-4.4349913030927723e-05,65771.8823470028,130.37666762452182,0.2805872605541173,0.32776698257717585,-2.5919914987460047e-05,0.7340287566802666,106.12267902521717,13.335049086651695,15.040515944286152,-4.183764803733503e-05,32.37564710370498,4.280363394896828,5737.033982068612,6774.586879739263,-3.945031776714236e-05,16464.15938702459,62.343312496907934,56.958200002554804,2.6605500005340827,92.9931640625,0.9999942863405519,0.06214931925718335,0.00242662703424298,1.0645702326319781,1.114335829677868e-07,Гауссовский процесс,200
101,3900,4.870729299989762,12.513058570587942,14.924894481175432,0.5954574533777799,27.93230590820312,5.537645226242127,284.36624935289467,457.1721641866643,0.9997145442076573,3444.339334486969,1.579618524673325,0.02078827776781778,0.024261545441437157,0.9945207921686157,0.0426323280176199,5.9967777913246705,8.178885375796947,9.80953634723278,0.5746076631408747,18.45055075964325,2.7154150598563405,76.26974539426183,120.4827141401285,0.7910751132237319,872.6912058707082,3.957364150524116,126.36160000693053,0.48161333349222935,38.029296875,0.10751432180404663,0.005626432131975889,0.00016716848767828196,0.11330792307853699,2.6908094241662184e-07,PINN,200
41,3960,0.0,1.4139082721690883e-15,6.339218411826052e-15,1.0,2.842170943040401e-14,6.190576846931199e-16,11.730063329531902,14.389705620944087,0.9999997171936297,35.383616629827884,0.04107066682209047,0.00012060516428863153,0.0001375901136985628,0.9999998237780932,0.000271887010266314,0.03440294337724369,0.0006188907277580332,0.0009166009933827274,0.9999999962858649,0.0020519337431323947,0.00019580455656977456,2.9327007063559876,3.597689953012794,0.9999998843143969,8.846485112645327,0.018917353688976138,20.821600046474487,0.06061333309238155,3.388671875,0.014202594718096104,9.570533847862925e-05,4.126611350676009e-06,0.01430242666792541,2.006172840505704e-07,Линейная интерполяция,500
41,3960,0.0,0.011844701620245073,0.044906804222112906,0.9999963375597617,0.27634905236249097,0.0054347734117275726,0.02862508606124564,0.1064621528661682,0.9999999999845198,0.6561241933050042,0.0001286727195415199,1.990001933515597e-05,7.556372277532434e-05,0.9999999468489156,0.0004918139615534556,0.005541142419496235,0.008066034538183966,0.03058080128712381,0.9999958657687303,0.18859618009804535,0.0027254345481483623,0.012138930559752459,0.04550633052454506,0.9999980375404819,0.2803903099317735,0.0034575057747284225,3.234200004953891,0.024673333003496133,5.587890625,5.235500667089713e-05,3.0878852140221085e-06,2.599639024079558e-07,5.570285578732719e-05,6.466887441669152e-07,Кубический сплайн,500
41,3960,0.0,0.0068385416666680516,0.050401227181292696,0.9999953865218388,0.48144525000000726,0.003137691370937009,0.0870878801686053,0.17068076288919273,0.9999999999602118,1.058171117951133,0.0003422077686856296,1.2007259764635641e-05,6.044020522799797e-05,0.9999999659954292,0.0004630721396616799,0.00335235327233571,0.004657839509375816,0.03432268101317653,0.9999947921381603,0.3278577761157635,0.0015738247603331488,0.024649067151103453,0.06386627782222248,0.9999975361539101,0.4669843040516414,0.0021015192930728746,4.4522000243887305,0.04160999960731715,5.59375,0.00018900039052375595,2.345751834205879e-05,8.041019529287542e-08,0.0002125383190611076,5.37282267211957e-07,PCHIP,500
41,3960,0.0,0.16837581575856864,0.22806373481983183,0.9999055376573831,1.155375950485876,0.07363777624134918,1.6230600403610074,2.028374688404986,0.9999999943807063,5.695306596429873,0.008320968047456903,0.0002782793682222245,0.00038296339016384904,0.9999986347884452,0.0019130835189873907,0.1051213301989224,0.1146756457767442,0.15530356145756707,0.9998933747956814,0.7867749699364026,0.03779016776121629,0.4765974453161356,0.6030312370181371,0.999949385405554,1.9098426500927848,0.056217560562236195,108.93820005003363,0.17110333331705382,0.6494140625,0.00045398634515347977,0.0003085709104794691,2.703568192971599e-05,0.0007895929375626649,1.4634065022449021e-06,Полином 15-й степени,500
41,3960,0.0,7.991779253774677,9.249889240815794,0.8446113432999197,17.171273083623902,3.446497253312973,7012.141701093621,8105.996135390899,0.9102575020521003,20563.9999729313,39.3274835291279,0.06373981581699506,0.07338332760554377,0.9498720159202018,0.17731802168963773,23.79700359269786,5.018096261351977,5.824839207855635,0.8500090938992334,10.936537582666062,1.6435168315898367,1756.3038291061412,2030.286061791794,0.8886874887928637,5148.071275404819,17.053625301682143,36.17899998789653,0.05253999940274904,0.4814453125,0.5607218763197175,0.05020666193929667,0.0019700957739184335,0.6128986340329325,3.2429551605341363e-16,Линейная регрессия,500
41,3960,0.0,3.266028143688835,4.027896680800645,0.9705352411300721,13.434151077559648,1.349349016944731,5420.169351691682,6770.676981190229,0.9373891559368684,23641.304370407903,22.72522590590847,0.05510943682133218,0.06885896686059194,0.9558626309537749,0.23767350825922118,14.879576658140333,1.9474393525306342,2.390902010752025,0.9747291063227222,7.932224715607447,0.6241049324591027,1356.3594821561808,1694.2911597121606,0.9596290335858594,5915.727104927332,9.894564128363161,73.38580000214279,0.08668999944347888,0.6376953125,0.7438073954115535,0.02714823431483663,0.0011566620358475991,0.7721122917622377,1.7680599904294444e-06,Полиномиальная регрессия (5),500
41,3960,0.4913184999895748,52.09050329033449,63.09693592993837,-6.230407709468921,137.0921996014642,22.893877557981906,5857.267528277259,6968.9477331545095,0.9336685052920948,20206.346946685415,25.504437339319775,0.17516897651569976,0.23083062257771747,0.5040107279224596,0.5282492098189236,38.4391848901527,92.82145033811626,106.50229211087246,-49.14353590643312,198.62887597424427,30.724343230790485,1500.5886627205564,1784.6944479544745,-13.484066095671873,5135.649067867736,29.390460754561218,110.67239998374134,0.47482333320658654,112.150390625,0.6761038779621987,0.2145416609044716,0.37286845234765387,1.263513991214324,8.460429540868347e-06,"MLP (50,25)",500
41,3960,0.07772779997321777,0.26131313131319284,0.42262876825595247,0.9996756123141645,1.8849999999994793,0.10383753295218526,350.24241745026245,529.8976970947766,0.9996164964104243,3266.9915649803443,1.0618838939004485,0.004142731085846541,0.005798636989694519,0.9996870050860784,0.03245382367684568,0.9610987245850297,0.16518782973422974,0.26601745731462656,0.9996871635693994,1.121893316650869,0.051985947731763,87.66826528559893,132.64803548933423,0.9996665693450166,817.5077280301679,0.5447015247923566,26245.075799990445,31.076063333118025,515.22265625,1.6432771909626427,0.00033904024623838995,1.409690654934362e-05,1.6436303281154305,0.0005323288439955179,Случайный лес,500
41,3960,0.0030506000039167702,20.750726787467983,23.468619947726086,-0.00027946102903775305,51.412430233284454,8.622370387389786,22968.256670184892,27062.5073953384,-0.0002796508325277891,65500.31023407971,131.5271845972934,0.28095155937680805,0.32778802669700696,-0.0001648990656883953,0.7314996340469245,106.74389905192912,13.363301234333884,15.042045808230432,-0.00025529683497982347,32.23298824108258,4.291522982380765,5750.662912441518,6775.336462280264,-0.00024482694055844023,16396.17178804703,62.79624425474827,50.652400008402765,1.162063333322294,22.203125,0.9999944017839136,0.06354838502619076,0.0024855611024449213,1.0660283479125494,4.491500863074991e-08,Гауссовский процесс,500
41,3960,4.804789699992398,14.949904177887275,17.468145305344482,0.4458340481248084,31.072656249999994,6.63367372418626,158.71331026749158,294.9066436929892,0.9998812169473763,2700.089334486969,0.9230640391111677,0.02263680932078441,0.026891905957487916,0.9932682402982081,0.047040367571018094,6.127318387634315,9.768711575288412,11.428021104393446,0.422650075335792,20.194477761596374,3.246831137443651,45.86364070749701,80.95742550217115,0.7154083951765462,687.8508772165341,4.232721822093848,114.75579999387264,0.46904000046197325,38.029296875,0.0929543599486351,0.004108030814677477,0.001034506130963564,0.09809689968824387,2.141325268212313e-07,PINN,500
21,3980,0.0,1.7638598566105e-15,7.080389277471805e-15,1.0,2.842170943040401e-14,7.807548970464219e-16,46.68235237458195,57.39362541218898,0.9999955009296121,138.94929059686547,0.16354477688541674,0.0004799689292010112,0.0005487325996238817,0.9999971970548613,0.0010524295476481704,0.13699376960361775,0.002463227930013017,0.003656878567817996,0.9999999408812332,0.008117337459339069,0.0007792901316820884,11.671323892860292,14.349457755839108,0.9999981597164267,34.73961509096812,0.07532945915517934,19.93660000152886,0.07987666661695887,1.9794921875,0.02873317843397545,0.00038055089792733633,1.642475630766221e-05,0.02913015408821045,1.9960915699207168e-07,Линейная интерполяция,1000
21,3980,0.0,0.0471465834126408,0.12669608915833733,0.9999708471980095,0.5526981058247884,0.02150878229386503,0.23315066101308868,0.5960899169047761,0.9999999995146902,2.61390230764664,0.001088037753350355,7.928206314268637e-05,0.00021426300889271674,0.999999572646296,0.0010381743247273034,0.022714532361070974,0.03210608015669856,0.08627853814477394,0.999967091366881,0.3780064706719486,0.010816689488562025,0.07812065166139268,0.202319701804195,0.9999843776814692,0.8864112646170261,0.014032010474212098,3.171799995470792,0.024163333970742922,2.9287109375,0.00021373073183902222,2.4580493818578184e-05,2.065876755964999e-06,0.0002403771024135654,6.483845933725486e-07,Кубический сплайн,1000
21,3980,0.0,0.02721875000000152,0.1421975678998104,0.9999632769942175,0.9629449374999979,0.012414913220330757,0.7049950019151263,1.116447421582287,0.9999999982975591,4.526219138289889,0.00285468807891897,4.9776421584850735e-05,0.00017138308718830185,0.999999726580807,0.0009605929443172179,0.014257633436075258,0.018544038763447,0.09683772825100449,0.9999585434198637,0.6557651266252265,0.006247126174237798,0.18770189177503993,0.33891352520507256,0.9999803863231118,1.5364724488398576,0.008943590227390696,3.8937999634072185,0.024390000423106056,2.9345703125,0.0007693855402472424,9.800185072221981e-05,6.47814603510888e-07,0.000868035205572973,5.394872976882821e-07,PCHIP,1000
21,3980,0.0,0.5522801135493501,1.2412247541225176,0.997201954704318,5.793858534471326,0.22944501552541996,2.8456867876916565,5.330265686067854,0.999999961194509,28.13534991296183,0.017604945193620096,0.0009218150206781993,0.0020866399475154397,0.9999594689263167,0.010600988575668449,0.4857612414352605,0.375808760137757,0.8444071725232023,0.9968478410057038,3.956236219013647,0.12056926260492712,0.9436743690998604,1.8544960631652725,0.9985023064577119,9.474011413755617,0.2133451161898069,84.926399984397,0.11460666719358414,0.6494140625,0.002335283826396202,0.0018408713625666603,0.00015927008958645613,0.004335425278549318,8.168766094335009e-06,Полином 15-й степени,1000
21,3980,0.0,8.008695262024409,9.273629189364687,0.8438099596722571,16.700357142857143,3.4574908175031958,7109.735167515264,8146.898116201244,0.909347446839375,19882.17206380982,39.43108390891119,0.06468196424918235,0.07375378659043083,0.9493637286766381,0.1719912046390859,23.812509806569523,5.0265002942858095,5.8392848810646045,0.8492616992463273,10.806810356628034,1.6470725473971972,1780.7087612589557,2040.521196014566,0.8879457086086494,4977.462805628486,17.08703927009528,31.48240002337843,0.05289666684499631,0.4814453125,0.5576853212056008,0.05089181696475581,0.0020142606312379455,0.6105913988015946,3.172329014998825e-16,Линейная регрессия,1000
21,3980,0.0,3.416666025418591,4.129595206963969,0.9690280285361637,12.889648123033226,1.4161938042145716,5624.880617779226,6891.9812652001765,0.9351240625582704,22621.181946862693,23.564749316621445,0.057096498464336745,0.07004011420168417,0.9543346527255483,0.2274484958321713,15.40235901385871,2.0386303613665917,2.4535337123696044,0.9733873362143112,7.612280322563379,0.6544115784815058,1407.598252666119,1724.658608558428,0.9579685200085735,5660.47783095103,10.25942842829406,69.46400000015274,0.08789333320843676,0.6376953125,0.7391545688636071,0.028318082914280618,0.0012024142796163235,0.768675066057504,1.7412234110095703e-06,Полиномиальная регрессия (5),1000
21,3980,0.47132670000428334,52.957532289231956,65.37145063489355,-6.761222407834781,163.6796237076727,23.313417228335002,5979.757311261485,7065.712345505114,0.9318120906010605,19517.239220621428,25.66091110206239,0.10122250754282153,0.12513573554533147,0.854234154820195,0.3102275297200272,28.857987473354353,76.62781559881347,93.47120759778996,-37.624244270519114,224.7941306319949,25.310093434459635,1527.3609704142684,1806.1700348683355,-10.64985510823316,4976.505800622705,25.785602309552843,110.89360003825277,0.37782666719673824,112.150390625,0.7328901178711642,0.15872862319626496,0.2321798487629901,1.1237985898304192,1.9519426205777994e-05,"MLP (50,25)",1000
21,3980,0.08440110000083223,0.6379635678392388,1.0443194298718623,0.9980192913386209,4.58249999999947,0.2518607890820807,830.3992090342805,1345.3468614911067,0.9975279115258033,7609.375846609735,2.478006477073165,0.00970691436931993,0.014459009280806755,0.998053877621676,0.07634429149226363,2.2444585040520053,0.40255632776560246,0.652601411992407,0.9981172168362935,2.7413606537942314,0.12626302114770788,207.86235896106368,336.7645603355629,0.9979295743305984,1904.1940128887552,1.2751471978387399,25724.983799969777,30.224253333290108,270.8837890625,1.6562105069516204,0.001118386509339804,4.547568511986674e-05,1.65737436914608,0.0005260971524288157,Случайный лес,1000
21,3980,0.0025129999849013984,20.829648177434446,23.477635876671126,-0.0010657654719889997,51.03873824611756,8.669328252442504,23062.170591067134,27073.565594574877,-0.0011205641290115143,65047.24060602928,133.45522167132077,0.2815833822443356,0.32786697996584424,-0.0006643651632258774,0.7272631089068294,107.788866133664,13.40931528120616,15.047284418732076,-0.000968815973624304,32.00521483223798,4.30963479590576,5774.172784477005,6778.1045954625615,-0.0009548776844626738,16282.752955554135,63.555762713333266,53.27900004340336,0.8029900006173799,11.1064453125,0.9999944773823987,0.06584261096793143,0.0025849922766744272,1.0684220806270046,2.3200154016856474e-08,Гауссовский процесс,1000
21,3980,4.754185099998722,12.133532023827634,14.13560009612855,0.6371038300135592,26.234719848632807,5.3536771721951295,158.19496934823755,275.06904153619104,0.9998966575155276,1972.1049594869692,0.8744733343089861,0.020341348362021817,0.02463562515948132,0.9943503668481223,0.045202185727427846,5.414806722762253,7.945846855541948,9.286611470731655,0.6187421099536362,17.2357680447995,2.6339136764208124,44.57367239399229,74.62897218205268,0.8125232410827113,503.9051623915322,3.5692177264217952,142.21599994925782,0.4588433337630704,38.029296875,0.09069155901670456,0.010036838240921497,0.0006127006490714848,0.10134109854698181,2.7029648208554136e-07,PINN,1000
